Scraping_Date,Type,Description,Bedrooms,Bathrooms,Area,Down Payment,Location,Price
2025-03-31,Townhouse,Town House for Sale - City Gate - New Cairo,4,5,261 Sq. M.,"Down payment: EGP 8,509,249","City Gate Compound, 5th Settlement, New Cairo, Cairo","24,137,200"
2025-03-31,Apartment,"Apartment for sale at half price, 50% discount in Sarai Compound, New Cairo, wall within wall with Madinaty, minutes from Heliopolis, Sarai New Cairo",3,3,167 Sq. M.,N/A,"Sarai, Mostakbal City, Cairo","5,500,000"
2025-03-31,Apartment,"Apartment for sale in Reve Du Nil in Maadi, direct view of the Nile, fully finished with appliances and furniture",1,1,76 Sq. M.,N/A,"Reve du nil, Maadi, Cairo","3,680,000"
2025-03-31,Duplex,"Own your apartment in the best location in New Cairo, directly behind Waterway, just one minute from Mohamed Naguib Axis.",4,3,223 Sq. M.,N/A,"Al Ashrafiya, 1st Settlement, New Cairo, Cairo","8,117,500"
2025-03-31,Apartment,"Own your apartment in the best location in New Cairo, directly behind Waterway, just one minute from Mohamed Naguib Axis.",3,3,185 Sq. M.,N/A,"Al Ashrafiya, 1st Settlement, New Cairo, Cairo","6,833,000"
2025-03-31,Apartment,"Own your apartment in the best location in New Cairo, directly behind Waterway.",3,3,160 Sq. M.,N/A,"Al Ashrafiya, 1st Settlement, New Cairo, Cairo","6,550,400"
2025-03-31,Apartment,"Own your apartment in the best location in New Cairo, directly behind Waterway.",2,2,120 Sq. M.,N/A,"Al Ashrafiya, 1st Settlement, New Cairo, Cairo","4,421,500"
2025-03-31,Apartment,Receive your apartment in the best location next to the British University.,3,3,160 Sq. M.,N/A,"Entrada, New Capital City, Cairo","5,828,550"
2025-03-31,Apartment,"Own your fully finished apartment with a Spanish design in New Garden City, New Administrative Capital.",3,3,225 Sq. M.,N/A,"New Garden City, New Capital City, Cairo","7,251,000"
2025-03-31,Apartment,"Own your fully finished apartment with a Spanish design in New Garden City, New Administrative Capital.",3,2,168 Sq. M.,N/A,"New Garden City, New Capital City, Cairo","5,572,000"
2025-03-31,Apartment,"Own your fully finished apartment with a Spanish design in New Garden City, New Administrative Capital.",2,2,135 Sq. M.,N/A,"New Garden City, New Capital City, Cairo","4,801,500"
2025-03-31,Apartment,50 % discount for 167 m apartment in sarai compound new cairo direct view on land scape,3,3,167 Sq. M.,0% Down Payment,"Sarai, Mostakbal City, Cairo","5,140,000"
2025-03-31,Apartment,"Own your apartment in the best location in the New Administrative Capital, directly facing the Iconic Tower, with a discount of up to 45%!",2,3,158 Sq. M.,N/A,"Al Maqsad, New Capital City, Cairo","3,696,000"
2025-03-31,Apartment,"Receive your apartment immediately, fully finished, in the best location directly in front of the Iconic Tower and next to the Sports City.",3,3,181 Sq. M.,N/A,"Al Maqsad, New Capital City, Cairo","4,769,050"
2025-03-31,Apartment,"Receive your apartment immediately, fully finished, directly in front of the Iconic Tower.",3,3,171 Sq. M.,N/A,"Al Maqsad, New Capital City, Cairo","4,730,000"
2025-03-31,Apartment,"fully finished, ready-to-move-in apartment, immediately available and close to all the services of the capital.",3,3,161 Sq. M.,N/A,"Al Maqsad, New Capital City, Cairo","4,305,400"
2025-03-31,Apartment,"A villa-sized apartment for sale in El Alamein Towers on the North Coast, with a full sea view, with a small down payment and complete ease, up to 12",5,4,310 Sq. M.,0% Down Payment,"North Edge Towers, North Coast, Matruh","7,500,000"
2025-03-31,Apartment,"Luxury 4-room apartment at half price, with a full view of the garden, for sale in Taj City Compound, in the best location in front of Cairo Airport",4,4,208 Sq. M.,N/A,"Taj City Compound, 1st Settlement, New Cairo, Cairo","6,800,000"
2025-03-31,Duplex,"Ground floor duplex with garden for sale in Kali Coast Village, Ras El Hekma area, North Coast, east facing, on the lagoon",2,3,122 Sq. M.,"Down payment: EGP 3,550,000","Cali Coast, North Coast, Matruh","8,046,096"
2025-03-31,Townhouse,Townhouse in a prime location in Sheikh Zayed in front of Emaar,4,4,220 Sq. M.,0% Down Payment,"Solana, Sheikh Zayed, Giza","27,900,000"
2025-03-31,Apartment,"Sawiris Towers, Sheikh Zayed, immediate delivery, fully finished apartment",3,3,169 Sq. M.,0% Down Payment,"ZED West Compound, Sheikh Zayed, Giza","17,500,000"
2025-03-31,Chalet,SERVICE CHALET FROM ORA UP TO 10 YEARS FROM ORASCOM,3,3,190 Sq. M.,0% Down Payment,"Silver Sands, North Coast, Matruh","19,500,000"
2025-03-31,Apartment,Fully finished Apartment by sodic close Beverly hills,3,2,145 Sq. M.,0% Down Payment,"The Estates Compound, Sheikh Zayed, Giza","19,500,000"
2025-03-31,Apartment,Fully Finished Apartment For Sale Taj City,3,3,200 Sq. M.,N/A,"Taj City Compound, 1st Settlement, New Cairo, Cairo","11,000,000"
2025-03-31,Townhouse,TOWN HOUSE FOR SALE FROM ORASCOM SAWIRIS OVER 9 YEARS,5,5,286 Sq. M.,0% Down Payment,"O West Compound, 6th of October, Giza","14,700,000"
2025-03-31,Villa,READY TO MOVE VILLA FOR SALE UP TO 6 YEARS IN NEW CAIRO,4,4,210 Sq. M.,0% Down Payment,"The MarQ Compound, 5th Settlement, New Cairo, Cairo","13,600,000"
2025-03-31,Apartment,FULLY FINISHED APARTMENT UP TO 8 YEARS CLOSE TO HYPER,3,3,185 Sq. M.,0% Down Payment,"Karma Kay Compound, Sheikh Zayed, Giza","11,900,000"
2025-03-31,Villa,Villa apartment view zayed close to beverly hills,4,4,186 Sq. M.,"Down payment: EGP 1,090,000","Levels By Dunes Compound, Sheikh Zayed, Giza","10,900,000"
2025-03-31,Apartment,fully finished apartment for sale up to 12 years,3,3,154 Sq. M.,"Down payment: EGP 165,000","Badya Palm Hills Compound, 6th of October, Giza","11,000,000"
2025-03-31,Villa,"Villa for sale, 525 m, King Mariout (Rashid Mohamed Rashid Street)",5,5,525 Sq. M.,N/A,"King Mariout, Alexandria","12,500,000"
2025-03-31,Apartment,A fully finished apartment with the best and lowest price in the heart of Sheikh Zayed,2,2,100 Sq. M.,N/A,"Bliss Gate, Sheikh Zayed, Giza","2,900,000"
2025-03-31,Apartment,Fully finished apartment close TO Sodic Beverly hills up to 10 y,3,3,165 Sq. M.,0% Down Payment,"VYE Sodic Compound, Sheikh Zayed, Giza","14,700,000"
2025-03-31,Twin House,FINISHED TWIN HOUSE FOR SALE BY SODIC CLOSE TO ARKAN PLAZA MALL,5,5,295 Sq. M.,0% Down Payment,"The Estates Compound, Sheikh Zayed, Giza","39,000,000"
2025-03-31,Apartment,"Ready to Move Apartment with Garden, Finished with Garden in Allegria, next to Al Rabwa",3,3,200 Sq. M.,N/A,"Allegria Residence, Sheikh Zayed, Giza","9,500,000"
2025-03-31,Apartment,Three bedrooms with aqua parks and largest swimming pool - size 147 SQM,3,1,147 Sq. M.,"Down payment: EGP 2,425,500","Hurghada, Red Sea","8,085,000"
2025-03-31,Apartment,"Apartment for sale, 167 m¬≤, half price, with installments over the longest repayment period, in Sarai Compound, New Cairo, next to Madinaty, in front",3,2,167 Sq. M.,N/A,"Sarai, Mostakbal City, Cairo","6,000,000"
2025-03-31,Apartment,One Bedroom - View Largest Aqua Park 12 Games - Size 66 SQM,1,1,66 Sq. M.,"Down payment: EGP 1,089,000","Hurghada, Red Sea","3,630,000"
2025-03-31,Apartment,Two Bedrooms view Main Pool - Size 90 SQM - Largest Aqua Park 12 Games,2,1,90 Sq. M.,"Down payment: EGP 1,485,000","Hurghada, Red Sea","4,950,000"
2025-03-31,Apartment,One bedroom Special - Pool- Lagoon View - Size 64 SQm,1,1,64 Sq. M.,"Down payment: EGP 1,056,000","Hurghada, Red Sea","3,520,000"
2025-03-31,Chalet,"Chalet for sale, 150 m, first row on the sea, fully finished, ready with key, sea view, in La Vista Bay, North Coast",3,2,150 Sq. M.,N/A,"La Vista Bay North Coast, North Coast, Matruh","8,800,000"
2025-03-31,Chalet,"Perfect Weather, Perfect Location: A Dream Home in Hurghada - 1 bedroom 67 sqm",1,1,67 Sq. M.,"Down payment: EGP 628,125","Hurghada, Red Sea","4,187,500"
2025-03-31,Apartment,A fully finished apartment with the best and lowest price in the heart of Sheikh Zayed,2,2,100 Sq. M.,N/A,"Bliss Gate, Sheikh Zayed, Giza","2,900,000"
2025-03-31,Apartment,Two Bedrooms - Pool And Lagoon View - size 89 SQm,2,1,89 Sq. M.,"Down payment: EGP 1,468,500","Hurghada, Red Sea","4,895,000"
2025-03-31,Apartment,"Apartment for sale, 117 m¬≤, ready for inspection, with the lowest down payment, on the sea, first row on the lagoon, with installments over the longes",2,1,117 Sq. M.,"Down payment: EGP 250,000","Latin District, Alamein, Matruh","4,900,000"
2025-03-31,Chalet,"Live in Paradise: Warm, Clear Weather and Stunning Views - 1 bedroom 82 sqm",1,1,81 Sq. M.,"Down payment: EGP 717,500","Hurghada, Red Sea","2,870,000"
2025-03-31,Chalet,Elevate Your Lifestyle: Stylish Property with All the Comforts of Coastal Living - 1 bedroom 82 sqm,1,1,82 Sq. M.,"Down payment: EGP 717,500","Hurghada, Red Sea","2,870,000"
2025-03-31,Apartment,"The Ultimate Hurghada Lifestyle: Sun, Sea, and Relaxation - 2 bedroom 125 sqm",2,2,125 Sq. M.,"Down payment: EGP 1,093,750","Hurghada, Red Sea","4,375,000"
2025-03-31,Chalet,Embrace the Red Sea Lifestyle in This Modern Coastal Home - 1 bedroom 82 sqm,1,1,82 Sq. M.,"Down payment: EGP 676,500","Hurghada, Red Sea","2,706,000"
2025-03-31,Chalet,"Resort-Style Living with Pool, Gym, and Spa - 1 bedroom 82 sqm",1,1,82 Sq. M.,"Down payment: EGP 717,500","Hurghada, Red Sea","2,870,000"
2025-03-31,Apartment,Investors Dream: Prime Property in Hurghada's Rapidly Growing Market - 2 bedroom 125 sqm,2,2,124 Sq. M.,"Down payment: EGP 1,093,750","Hurghada, Red Sea","4,375,000"
2025-03-31,Chalet,Prime Investment Opportunity: High-Demand Property Near the Beach - 1 bedroom 82 sqm,1,1,82 Sq. M.,"Down payment: EGP 717,500","Hurghada, Red Sea","2,870,000"
2025-03-31,Chalet,Coastal Retreat with Beautiful Sunny Weather All Year Round - 1 bedroom 82 sqm,1,1,82 Sq. M.,"Down payment: EGP 676,500","Hurghada, Red Sea","2,706,000"
2025-03-31,Apartment,"Apartment for sale at the lowest price in El Alamein in the Latin Quarter, fully finished, ready for immediate delivery with installments over 12 year",1,1,119 Sq. M.,N/A,"Latin District, Alamein, Matruh","2,000,000"
2025-03-31,Apartment,The most distinguished phase in the compound Direct on the golf courses a bargain apartment of 169 square meters in a fabulous location the Suez Road,3,3,169 Sq. M.,"Down payment: EGP 1,300,000","Taj City Compound, 1st Settlement, New Cairo, Cairo","6,700,000"
2025-03-31,Apartment,"The best investment opportunity, get an annual rent in dollars. Own a fully furnished and air-conditioned apartment with appliances",2,2,103 Sq. M.,"Down payment: EGP 1,200,000","5th Settlement, New Cairo, Cairo","6,700,000"
2025-03-31,Villa,"For sale at a bargain price, a 3-story villa directly on 90th Street, Hyde Park Compound, in the most distinguished location in the Fifth Settlement",6,3,240 Sq. M.,"Down payment: EGP 2,700,000","Hyde Park New Cairo Compound, 5th Settlement, New Cairo, Cairo","22,500,000"
2025-03-31,Apartment,"3-bedroom apartment on El Alamein Lake, with installments over the longest payment period, in the best location in the Latin Quarter in the New El Ala",3,2,177 Sq. M.,"Down payment: EGP 249,845","Latin District, Alamein, Matruh","5,000,000"
2025-03-31,Twin House,Villa 279M for sale in hyde park new Cairo 5th settlement 12 years installments,5,4,279 Sq. M.,"Down payment: EGP 7,800,000","Hyde Park New Cairo Compound, 5th Settlement, New Cairo, Cairo","39,000,000"
2025-03-31,Apartment,"With the lowest down payment, receive a fully finished hotel-style apartment in the Latin Quarter, New Alamein City",1,1,93 Sq. M.,"Down payment: EGP 195,000","Latin District, Alamein, Matruh","3,900,000"
2025-03-31,Chalet,"At the lowest price, a fully finished chalet for sale, overlooking the sea directly in Telal North Coast, a distinctive location, Sidi Abdel Rahman, a",3,2,130 Sq. M.,N/A,"Telal North Coast, North Coast, Matruh","3,800,000"
2025-03-31,Townhouse,town house middle for sale in The Square new cairo fully finished prime location under market price,3,3,270 Sq. M.,N/A,"The Square Compound, 5th Settlement, New Cairo, Cairo","28,000,000"
2025-03-31,Apartment,ready to move for sale in latin district new alamien city 12 years installments,2,2,119 Sq. M.,N/A,"Latin District, Alamein, Matruh","5,800,000"
2025-03-31,Chalet,"Fully finished chalet for sale - 5% down payment, installments over 10 years - North Coast",3,3,184 Sq. M.,"Down payment: EGP 757,050","Fouka Bay, North Coast, Matruh","15,141,000"
2025-03-31,Apartment,"Triple view apartment with a 50% discount in front of Cairo Airport, 3 master bedrooms with a dressing room, with installments up to 12 years",3,2,155 Sq. M.,0% Down Payment,"Tag Sultan Compound, 1st Settlement, New Cairo, Cairo","6,000,000"
2025-03-31,Apartment,"Catch offer Apartment for sale  156m without down payment and installments over 12 years in Sarai, Mostaqbal City, next to Madinaty on the Suez Road,",3,2,156 Sq. M.,N/A,"Sarai, Mostakbal City, Cairo","4,000,000"
2025-03-31,Apartment,12 years installments Apartment 119m (2bed) for sale in latin city New Alamein,1,1,119 Sq. M.,N/A,"Latin District, Alamein, Matruh","2,900,000"
2025-03-31,Apartment,"At the lowest price, an apartment of 133 square meters for sale with a 40% discount, with installments over 12 years and 0% down payment, in Sarai",3,2,133 Sq. M.,N/A,"Sarai, Mostakbal City, Cairo","3,900,000"
2025-03-31,Apartment,"3 bedrooms - installment 6 years - downpayment 954,000",3,3,154 Sq. M.,"Down payment: EGP 954,312","Stoda Residence, Sheraton, Cairo","9,543,120"
2025-03-31,Apartment,"3 bedrooms- installment 6 years - downpayment 1,320,000",3,3,165 Sq. M.,"Down payment: EGP 1,332,000","Stoda Residence, Sheraton, Cairo","13,320,000"
2025-03-31,Apartment,"with 0% downpayment own your apartment in taj city with 12 years installments in 5th settlement minutes from madinaty, el rehab and kempiniski hotel",3,3,136 Sq. M.,N/A,"Taj City Compound, 1st Settlement, New Cairo, Cairo","5,000,000"
2025-03-31,Apartment,Ready to move & fully finished 134 m apartment for sale in maqsed compound,3,2,134 Sq. M.,"Down payment: EGP 284,550","Al Maqsad, New Capital City, Cairo","5,691,000"
2025-03-31,Villa,"Villa for sale, immediate delivery, in Hyde Park, fully finished, installments over 12 years with a private garden in the Fifth Settlement near Mivida",3,2,370 Sq. M.,N/A,"Hyde Park New Cairo Compound, 5th Settlement, New Cairo, Cairo","15,000,000"
2025-03-31,Apartment,Exclusive Offer at Galleria Moon Valley Compound ‚Äì Immediate Delivery Apartment with a Direct View of the Landscape! Only 5% Down Payment and Installm,3,2,153 Sq. M.,"Down payment: EGP 775,150","Galleria Moon Valley Compound, 5th Settlement, New Cairo, Cairo","15,503,000"
2025-03-31,Villa,"Luxury Villa for Sale in Stone Park Compound ‚Äì No Down Payment, 10 Years Installments!",4,3,300 Sq. M.,"Down payment: EGP 778,500","Stone Park Compound, Katameya, Cairo","25,950,000"
2025-03-31,Villa,"Exclusive from Owner directly Villa First Use with Private Pool & Garden fully furnished for sale in Royal Meadows, Arco",4,4,450 Sq. M.,N/A,"Royal Meadows Compound, Sheikh Zayed, Giza","45,000,000"
2025-03-31,Apartment,"Fully finished hotel apartment - immediate delivery - in Hyde Park Compound, New Cairo, with a distinctive view of 3 facades in the Fifth Settlement",3,3,133 Sq. M.,N/A,"Hyde Park New Cairo Compound, 5th Settlement, New Cairo, Cairo","7,250,000"
2025-03-31,Apartment,Fully Finished 3 Bedroom Apartment For Sale,3,3,170 Sq. M.,N/A,"Hyde Park New Cairo Compound, 5th Settlement, New Cairo, Cairo","10,000,000"
2025-03-31,Apartment,"investment opportunity with a rental return of up to $7,000 per month. A fully serviced hotel apartment with air conditioning in the new Alamein City",3,3,190 Sq. M.,"Down payment: EGP 103,500","North Edge Towers, North Coast, Matruh","6,900,000"
2025-03-31,Apartment,"295,000egp cash ready to move with 12 years installments sea view & lagoons finished apartment sale in new alamein north coast",2,2,93 Sq. M.,0% Down Payment,"Latin District, Alamein, Matruh","2,000,000"
2025-03-31,Villa,"Villa for sale at the price of an apartment with a down payment of 875 thousand, fully finished with air conditioners in Wonder Mark New Cairo, 50% di",3,3,175 Sq. M.,"Down payment: EGP 875,000","The Wonder MarQ, Mostakbal City, Cairo","17,500,000"
2025-03-31,Villa,Exclusive ‚Äì Ready To Move Villa for sale fully finished with fully AC‚Äôs with Private Garden in Al Rabwa,5,4,380 Sq. M.,N/A,"Al Rabwa, Sheikh Zayed, Giza","36,000,000"
2025-03-31,Apartment,"Apartment for sale, 117 square meters, Ready to move, with installments over 12 years, fully finished, double, sea and lagoon view, in Latin District",2,1,117 Sq. M.,N/A,"Latin District, Alamein, Matruh","2,800,000"
2025-03-31,Apartment,"Immediate delivery, 3 rooms with full finishing, apartment for sale in Alamein City with lowest price for a limited time on the North Co",3,3,150 Sq. M.,N/A,"Latin District, Alamein, Matruh","5,000,000"
2025-03-31,Apartment,"Apartment for sale in Stone Park in the Fifth Settlement on 90th Street Direct, with installments over 10 years for a limited period",2,2,119 Sq. M.,"Down payment: EGP 282,000","Stone Park Compound, Katameya, Cairo","9,400,000"
2025-03-31,Apartment,"Live in the heart of the capital, in a French-style apartment of 170 square meters, super deluxe finishing, ready for immediate delivery with the key",3,3,170 Sq. M.,"Down payment: EGP 544,400","New Garden City, New Capital City, Cairo","10,888,000"
2025-03-31,Apartment,"Fully finished apartment with AC high investment return sea view in Alamein Towers North Coast, lowest down payment installments up to 12 years",3,3,225 Sq. M.,N/A,"Alamein Towers, North Coast, Matruh","15,000,000"
2025-03-31,Chalet,"Chalet for sale, Ready to move , in La Vista Bay East, ready to move in, fully finished, directly on the sea with a 20% discount near Caesar Sodic",3,2,160 Sq. M.,N/A,"La Vista Bay East, North Coast, Matruh","4,400,000"
2025-03-31,Apartment,"With the lowest down payment and the earliest delivery, you will live in the compound in front of the gates of Rehab, in Jade Compound, which is alrea",3,2,152 Sq. M.,"Down payment: EGP 545,000","Jayd Compound, 5th Settlement, New Cairo, Cairo","10,900,000"
2025-03-31,Apartment,"Apartment for sale, 135 square meters, Ready to move, with installments over 12 years, fully finished, double, sea and lagoon view, in Latin District",3,2,135 Sq. M.,N/A,"Latin District, Alamein, Matruh","3,000,000"
2025-03-31,Apartment,Apartment for sale in installments over 12 years 3 rooms ground floor with a garden in Hyde Park fully finished in the Fifth Settlement next to Mivida,3,2,144 Sq. M.,N/A,"Hyde Park New Cairo Compound, 5th Settlement, New Cairo, Cairo","7,000,000"
2025-03-31,Apartment,with highest return in dollar and by40% discount apartment fully finished for sale ready to viewing mange by international hotel by lowest price,1,1,84 Sq. M.,"Down payment: EGP 910,000","Nasr City, Cairo","7,000,000"
2025-03-31,Hotel Apartment,with highest monthly return in dollar hotel apartment for sale with 40% discount ready to viewing mange by marriott international hotel,2,2,103 Sq. M.,"Down payment: EGP 1,100,000","Marriott Residence, Heliopolis, Cairo","9,000,000"
2025-03-31,Apartment,"Down Payment 250,000 Only | Eid Offer in October City",3,3,170 Sq. M.,"Down payment: EGP 250,000","Uptown, 6th of October, Giza","2,950,000"
2025-03-31,Apartment,"studio -installment 7 years - downpayment 375,000-sea view &pool and lagoon view",N/A,1,50 Sq. M.,"Down payment: EGP 374,880","Glee, North Coast, Matruh","3,748,800"
2025-03-31,Apartment,Apartment for sale close to Sodic Beverly hills over 8 years,4,4,192 Sq. M.,0% Down Payment,"Joulz Compound, 6th of October, Giza","14,900,000"
2025-03-31,Apartment,Apartment for sale at a special price 165 m double view with installments over 8 years without interest in best location in 5 Settlement,3,3,165 Sq. M.,N/A,"5th Settlement, New Cairo, Cairo","5,000,000"
2025-03-31,Apartment,apartment Bahary View Direct Sea View Fully finished Early delivered BUA 141m installment 7years very prime location New Alamien El Hay El Latien,3,2,141 Sq. M.,"Down payment: EGP 1,095,000","Latin District, Alamein, Matruh","7,300,000"
2025-03-31,Apartment,Apartment for sale at a special price 165 m double view with installments over 8 years without interest in best location in 5 Settlement  42% discount,3,3,165 Sq. M.,N/A,"5th Settlement, New Cairo, Cairo","3,750,000"
2025-03-31,Duplex,OVER 12 YEARS INTSALLMENTS !! Duplex for Sale with a Prime Location,2,3,175 Sq. M.,0% Down Payment,"Taj City Compound, 1st Settlement, New Cairo, Cairo","8,600,000"
2025-03-31,Duplex,LIMITED OFFER! OVER 10 YEARS INSTALLMENTS AMAZING DUPLEX FOR SALE IN NEW ZAYED,2,3,172 Sq. M.,"Down payment: EGP 565,000","VYE Sodic Compound, Sheikh Zayed, Giza","11,300,000"
2025-03-31,Duplex,LIMITED OFFER ! Own Your Duplex with Panoramic Location in October,2,3,172 Sq. M.,"Down payment: EGP 73,000","Mountain View iCity Compound, 6th of October, Giza","7,300,000"
2025-03-31,Apartment,zero downpayment ground floor with private garden for sale in Sarai New Cairo next to Madinaty and Al Rehab minutes from the Fifth settlement,3,2,135 Sq. M.,N/A,"Sarai, Mostakbal City, Cairo","4,000,000"
2025-03-31,Chalet,Chalet Roof for Sale in Silversands ‚Äì Corner Unit with Wide Landscape View,4,4,233 Sq. M.,"Down payment: EGP 7,640,000","Silver Sands, North Coast, Matruh","31,406,000"
2025-03-31,Villa,"Ultra Super Lux Hotel Villa in the compound on the 90th Street, next to the American University AUC, the best location in New Cairo Hyde Park New Cair",5,5,370 Sq. M.,N/A,"Hyde Park New Cairo Compound, 5th Settlement, New Cairo, Cairo","24,000,000"
2025-03-31,Apartment,"165 sqm apartment in Creek Town Compound, New Cairo, with easy installment options.",3,3,165 Sq. M.,"Down payment: EGP 1,785,000","Creek Town Compound, 5th Settlement, New Cairo, Cairo","11,900,000"
2025-03-31,Apartment,"Own an apartment with a 40% discount in Sarai on the Suez Road in front of Madinaty, area (112) Mostakbal City, Madinaty, Fifth Settlement,",2,2,112 Sq. M.,N/A,"Sarai, Mostakbal City, Cairo","3,500,000"
2025-03-31,Apartment,Exclusive offer from Palm Hills: Apartment for Sale 152 m in Capital Gardens Compound with 1.5% Down Payment and 12-Year Installment Plan,3,3,152 Sq. M.,"Down payment: EGP 180,135","Capital Gardens, Mostakbal City, Cairo","12,009,000"
2025-03-31,Apartment,The last division ground floor apartment with garden for sale in Taj City Compound in inst over 12Y in front of the Airport,2,1,130 Sq. M.,"Down payment: EGP 1,220,000","Taj City Compound, 1st Settlement, New Cairo, Cairo","6,135,000"
2025-03-31,Villa,7 Rooms villa double greenery view with the lowest price and down payment for sale in Azzar compound New Cairo,7,4,430 Sq. M.,N/A,"Azzar Compound, 5th Settlement, New Cairo, Cairo","20,100,000"
2025-03-31,Villa,For quick sale 7 rooms double view villa with special discount for cash in the most distinguished location in New Cairo Azhar Compound,6,4,430 Sq. M.,N/A,"Azzar Compound, 5th Settlement, New Cairo, Cairo","19,800,000"
2025-03-31,Villa,Fully finished with Ac‚Äôs villa for sale in The wonder marq with downpayment 5 % & 50 % cash discount,4,3,175 Sq. M.,"Down payment: EGP 715,000","The Wonder MarQ, Mostakbal City, Cairo","14,300,000"
2025-03-31,Apartment,With 5 % downpayment In Jayd Compound New Cairo & Felixable installments,3,2,153 Sq. M.,"Down payment: EGP 546,950","Jayd Compound, 5th Settlement, New Cairo, Cairo","10,939,000"
2025-03-31,Villa,With The Lowest Price Amazing Greenery View Villa with special cash discount in Azzar New Cairo,7,4,482 Sq. M.,"Down payment: EGP 2,230,000","Azzar Compound, 5th Settlement, New Cairo, Cairo","22,300,000"
2025-03-31,Apartment,"Apartment for sale in Maadi View 3 rooms, ground floor with a garden, and in installments over the longest repayment period",3,3,138 Sq. M.,0% Down Payment,"Maadi View, Shorouk City, Cairo","5,450,000"
2025-03-31,Apartment,"Apartment for sale, ready for delivery in Al Maqsad - New Administrative Capital, prime location inside the compound, with a view of the iconic tower",3,2,158 Sq. M.,"Down payment: EGP 280,700","Al Maqsad, New Capital City, Cairo","5,614,000"
2025-03-31,Villa,villa for sale in installment over 12 years by lowest price with open landscape view prime location on suez road mins from elshrouk city,5,4,239 Sq. M.,"Down payment: EGP 1,960,000","Al Burouj, Shorouk City, Cairo","11,000,000"
2025-03-31,Apartment,"With a 50% discount on cash, you will get your 3-bedroom apartment in Taj City in front of Cairo International Airport. More than one installment syst",3,2,152 Sq. M.,N/A,"Taj City Compound, 1st Settlement, New Cairo, Cairo","6,067,000"
2025-03-31,Apartment,Apartment 196m Fully Finished Ready To Move In Latini District New Alamain,3,2,196 Sq. M.,"Down payment: EGP 440,000","Latin District, Alamein, Matruh","4,400,000"
2025-03-31,Apartment,panoramic lagoon view apartment 158m for sale in installment up to 12 years prime location next to madinaty,3,2,158 Sq. M.,"Down payment: EGP 1,150,000","Madinaty, Cairo","6,000,000"
2025-03-31,Duplex,panoramic golf view garden duplex for sale with private entrance prime location infront of cairo airport on suez road in taj city new cairo,4,3,208 Sq. M.,"Down payment: EGP 1,800,000","Taj City Compound, 1st Settlement, New Cairo, Cairo","9,000,000"
2025-03-31,Apartment,"Apartment for sale ground floor with a large garden, open view on the urine, 3 rooms, distinctive division, 50% discount, at a price of 7 million and",3,2,164 Sq. M.,"Down payment: EGP 1,560,000","Taj City Compound, 1st Settlement, New Cairo, Cairo","7,838,000"
2025-03-31,Duplex,"A fully finished duplex in Sidi Haneish with Ora Direct  on the lagoon, with installments over 10 years",2,2,110 Sq. M.,"Down payment: EGP 1,450,000","Silver Sands, North Coast, Matruh","29,000,000"
2025-03-31,Villa,"Price has been dropped from 16M to 9M,920K   üè° Villa for sale in Saray Compound directly on   Suez Road wall in wall with Madinaty",4,5,212 Sq. M.,"Down payment: EGP 1,600,000","Sarai, Mostakbal City, Cairo","9,920,000"
2025-03-31,Villa,"Standalone villa 240m for sale with the largest garden 223m in The Butterfly on Suez Road, with installments over 12 years",5,5,240 Sq. M.,"Down payment: EGP 2,820,000","The Butterfly, Mostakbal City, Cairo","14,100,000"
2025-03-31,Apartment,"A very special ground floor apartment with a garden, next to the Taj City golf courses, in an exceptional location directly on the Suez Road",2,2,130 Sq. M.,"Down payment: EGP 1,000,000","Taj City Compound, 1st Settlement, New Cairo, Cairo","5,200,000"
2025-03-31,Apartment,"For a limited period, an apartment for sale in New Cairo - Fifth Settlement with a 5% down payment only and installments over 10 years without interes",3,2,152 Sq. M.,"Down payment: EGP 775,000","Galleria Moon Valley Compound, 5th Settlement, New Cairo, Cairo","15,500,000"
2025-03-31,Chalet,chalet SEA VIEW for sale fully finished super lux 130m Dp 980k installments 8 years prime location in lavista 6 ain sokhna on galala ROad before porto,3,2,130 Sq. M.,"Down payment: EGP 980,000","La Vista 6, Ain Sukhna, Suez","9,800,000"
2025-03-31,Chalet,Chalet for sale in very prime location in CALI coast,2,2,101 Sq. M.,"Down payment: EGP 1,000,000","Cali Coast, North Coast, Matruh","10,000,000"
2025-03-31,Apartment,Apartment 124m Fully Finished Ready To Move Very Prime Location,2,2,124 Sq. M.,N/A,"El Fostat, Cairo","4,200,000"
2025-03-31,Apartment,Apartment Finished Double View 1 year delivery over 8 years,2,2,105 Sq. M.,"Down payment: EGP 618,200","5th Settlement, New Cairo, Cairo","12,364,000"
2025-03-31,Apartment,Resale 2 BR Fully Finished with ACs in Solana New Zayed,2,2,147 Sq. M.,"Down payment: EGP 3,920,000","Solana, Sheikh Zayed, Giza","12,890,000"
2025-03-31,Apartment,Garden Apartment Finished Ready To Delivery !!,3,4,140 Sq. M.,"Down payment: EGP 3,132,000","The Address East Compound, 5th Settlement, New Cairo, Cairo","7,830,000"
2025-03-31,Apartment,SERVICE FINISHED APARTMENT CLOSE to Beverly hills,2,2,120 Sq. M.,"Down payment: EGP 975,000","Arkan Palm 205, Sheikh Zayed, Giza","19,500,000"
2025-03-31,Penthouse,Penthouse luxury view on lagoon with 0% dp fully finished,3,3,119 Sq. M.,"Down payment: EGP 553,700","Mangroovy, Gouna, Red Sea","11,300,000"
2025-03-31,Apartment,Fully finished Apartment For Sale with Installments till 2026 in Belle Vie in Sheikh Zayed Emaar Misr,1,1,86 Sq. M.,"Down payment: EGP 9,558,444","Belle Vie Compound, Sheikh Zayed, Giza","10,000,000"
2025-03-31,Chalet,Chalet for Sale in Marassi ‚Äì Directly Overlooking Yachts & Main Marina,2,2,134 Sq. M.,N/A,"Marassi, North Coast, Matruh","24,000,000"
2025-03-31,Apartment,Resale 2BR Prime Location View Water Fountain,2,2,125 Sq. M.,"Down payment: EGP 3,400,000","Mountain View iCity Compound, 6th of October, Giza","4,500,000"
2025-03-31,Townhouse,"Townhouse for sale in Madinat Nour Q1 with payment plan until 2036, distinctive view",3,3,195 Sq. M.,"Down payment: EGP 3,000,000","Noor City, New Capital City, Cairo","19,380,000"
2025-03-31,Apartment,Finished with kitchen and bathroom with panoramic view,2,2,95 Sq. M.,0% Down Payment,"Mangroovy, Gouna, Red Sea","9,200,000"
2025-03-31,Apartment,Cheap Apartment For Sale In Beverly Hills With Special Finishing,2,2,120 Sq. M.,N/A,"Casa Compound, Sheikh Zayed, Giza","8,999,999"
2025-03-31,Apartment,Apartment Ready to move double view on pool and landscape,2,2,120 Sq. M.,0% Down Payment,"Galleria Moon Valley Compound, 5th Settlement, New Cairo, Cairo","7,800,000"
2025-03-31,Villa,With 33% discount townhouse in Azzar Compound in front of Hyde Park Fifth Settlement,4,3,193 Sq. M.,"Down payment: EGP 1,400,000","Azzar Compound, 5th Settlement, New Cairo, Cairo","14,000,000"
2025-03-31,Apartment,"Next to AUC, own your 3-bedroom apartment with a down payment of 700,000 in Hyde Park Compound",3,2,126 Sq. M.,"Down payment: EGP 700,000","Hyde Park New Cairo Compound, 5th Settlement, New Cairo, Cairo","11,100,000"
2025-03-31,Villa,standalone villa for sale with fully finished and AC'S for quick sale in New Cairo,5,4,260 Sq. M.,N/A,"New Cairo, Cairo","27,000,000"
2025-03-31,Twin House,Twinhouse for sale at sodic new zayed installment,4,4,230 Sq. M.,"Down payment: EGP 13,350,000","VYE Sodic Compound, Sheikh Zayed, Giza","22,500,000"
2025-03-31,Villa,Luxurious Fully Finished Villa With Lagoon View in New Gouna,4,5,200 Sq. M.,0% Down Payment,"Ancient Sands Gouna, Gouna, Red Sea","25,400,000"
2025-03-31,Townhouse,your villa with discount 50% for limited time next to Madinty with fully finished and Ac's,2,2,120 Sq. M.,N/A,"New Cairo, Cairo","6,850,000"
2025-03-31,Apartment,Apartment with Garden for sale in Palm Hills new Cairo  3% Downpayment ovet 10 years installment fully finished,2,2,114 Sq. M.,"Down payment: EGP 523,050","Palm Hills New Cairo Compound, 5th Settlement, New Cairo, Cairo","17,435,000"
2025-03-31,Apartment,Apt. in zed east with Installments Till 2030,3,3,177 Sq. M.,"Down payment: EGP 4,500,000","Zed East Compound, 6th Settlement, New Cairo, Cairo","15,995,700"
2025-03-31,Apartment,Fully finished apartment for sale with a small down payment in a high-end compound,3,3,218 Sq. M.,"Down payment: EGP 567,250","Bloomfields, Mostakbal City, Cairo","11,345,000"
2025-03-31,Apartment,Apartment Finished old price 1 year delivery over 8 years,1,1,88 Sq. M.,"Down payment: EGP 555,400","5th Settlement, New Cairo, Cairo","11,108,000"
2025-03-31,Apartment,Apartment Finished Lake View old price 1 year delivery over 8 years,2,2,122 Sq. M.,"Down payment: EGP 718,300","5th Settlement, New Cairo, Cairo","14,366,000"
2025-03-31,Penthouse,Fully finished Penthouse For sale in installments in Village West Compound - Sheikh Zayed West,3,3,243 Sq. M.,"Down payment: EGP 14,000,000","Village West Compound, Sheikh Zayed, Giza","17,325,000"
2025-03-31,Apartment,APT+Garden landscape view with Special Discount cash in New Cairo,3,2,160 Sq. M.,0% Down Payment,"5th Settlement, New Cairo, Cairo","6,700,000"
2025-03-31,Chalet,Chalet for sale in very prime location in CALI coast,2,2,173 Sq. M.,"Down payment: EGP 480,000","Cali Coast, North Coast, Matruh","9,600,000"
2025-03-31,Villa,READY TO MOVE VILLA FOR SALE UP TO 6 y NEW CAIRO,4,4,210 Sq. M.,"Down payment: EGP 914,517","The MarQ Compound, 5th Settlement, New Cairo, Cairo","13,500,000"
2025-03-31,Apartment,FULLY FINISHED APARTMENT FOR SALE FROM SODIC UP TO 8 years,3,3,159 Sq. M.,"Down payment: EGP 740,000","Karmell Compound, Sheikh Zayed, Giza","14,800,000"
2025-03-31,Apartment,fully finished apartment close to Arkan plaza mall,3,3,170 Sq. M.,"Down payment: EGP 990,000","Swan Lake West, Sheikh Zayed, Giza","19,800,000"
2025-03-31,Apartment,FULLY FINISHED APARTMENT CLOSE TO Arkan plaza mall the best view,3,3,169 Sq. M.,"Down payment: EGP 745,000","Palm Parks Compound, 6th of October, Giza","14,900,000"
2025-03-31,Apartment,FULLY FINISHED APARTMENT CLOSE TO MALL ARABIA FROM SAWIRIS,3,3,185 Sq. M.,"Down payment: EGP 640,000","O West Compound, 6th of October, Giza","12,800,000"
2025-03-31,Apartment,"Apartment for sale in Maadi View Compound, 129 m, 7-year installment",2,2,129 Sq. M.,"Down payment: EGP 600,000","Maadi View, Shorouk City, Cairo","5,580,000"
2025-03-31,Apartment,fully finished ready to move apartment for sale close to HYPER,3,3,164 Sq. M.,0% Down Payment,"Village West Compound, Sheikh Zayed, Giza","9,700,000"
2025-03-31,Apartment,READY TO MOVE FULL FINISHED APARTMENT IN NEW CAIRO,2,2,125 Sq. M.,"Down payment: EGP 2,975,000","Fifth Square Compound, 5th Settlement, New Cairo, Cairo","11,900,000"
2025-03-31,Twin House,twin house ready to move in prime location with,4,4,302 Sq. M.,"Down payment: EGP 1,400,000","Badya Palm Hills Compound, 6th of October, Giza","28,000,000"
2025-03-31,Apartment,FULLY FINISHED APARTMENT READY TO MOVE CLOSE to mivida EMAAR,3,3,155 Sq. M.,0% Down Payment,"Fifth Square Compound, 5th Settlement, New Cairo, Cairo","9,800,000"
2025-03-31,Chalet,luxury Chalet directly on lagoon fully finished in Silver Sands Extension,2,2,145 Sq. M.,0% Down Payment,"Silver Sands, North Coast, Matruh","22,800,000"
2025-03-31,Apartment,READY TO MOVE APARTMENT IN NEW CAIRO UP TO 7 YEARS,2,2,125 Sq. M.,"Down payment: EGP 1,050,000","Mountain View iCity Compound, 5th Settlement, New Cairo, Cairo","10,500,000"
2025-03-31,Apartment,"Apartment for Sale 3 Bed at the Best Price, Prime Location in El Tagamoa El Awal, near Almaza Mall.",3,2,166 Sq. M.,N/A,"1st Settlement, New Cairo, Cairo","3,930,000"
2025-03-31,Apartment,Compound Rovan Views by EPD Apartment with Garden Area: 105m In Very Prime Location,2,2,105 Sq. M.,"Down payment: EGP 534,938","Green Revolution Compound, Sheikh Zayed, Giza","5,340,000"
2025-03-31,Apartment,fully finished apartment for sale close to sodic Beverly hills,2,3,145 Sq. M.,"Down payment: EGP 490,000","Naia West Compound, Sheikh Zayed, Giza","9,800,000"
2025-03-31,Penthouse,Ready to move Penthouse Fully Finished seaview prime location,2,2,142 Sq. M.,0% Down Payment,"La Vista Topaz of Ain Sokhna, Ain Sukhna, Suez","7,800,000"
2025-03-31,Apartment,Ready To Move  Apartment  Resale Installments  Greenary View Very Prime Location,3,2,143 Sq. M.,0% Down Payment,"VYE Sodic Compound, Sheikh Zayed, Giza","3,700,000"
2025-03-31,Duplex,Limited Offer 5%Down Payment Get Duplex Without Interest Prime Location,3,4,180 Sq. M.,0% Down Payment,"Karmell Compound, Sheikh Zayed, Giza","9,000,000"
2025-03-31,Villa,"Don‚Äôt Miss Our Eid  Offer, Own a Villa with 50% discount",4,3,212 Sq. M.,N/A,"New Cairo, Cairo","8,500,000"
2025-03-31,Apartment,Luxury Finished Resale Apartment Park View At The Best Location,3,3,172 Sq. M.,"Down payment: EGP 3,905,000","Solana, Sheikh Zayed, Giza","10,914,000"
2025-03-31,Villa,Own a Villa at Half Price in New Cairo Exclusive Limited-Time Offer!,4,4,239 Sq. M.,0% Down Payment,"New Cairo, Cairo","10,000,000"
2025-03-31,Apartment,"A prime location (3 bedrooms) apartment for sale with a fantastic view of the landscape, with a discount of up to 50% and easy payment plans over 12 y",3,2,166 Sq. M.,0% Down Payment,"5th Settlement, New Cairo, Cairo","6,500,000"
2025-03-31,Apartment,Apartment for sale with 3% down payment and installments over 10 years - Fully Finished - in Palm Hills New Cairo,1,2,70 Sq. M.,"Down payment: EGP 284,610","Palm Hills New Cairo Compound, 5th Settlement, New Cairo, Cairo","9,487,000"
2025-03-31,Townhouse,"Urgent Sale , Price Reduced! Luxury Villa with ACs Near Madinaty  , Super Lux Finished",4,3,175 Sq. M.,N/A,"New Cairo, Cairo","9,800,000"
2025-03-31,Apartment,"Move-in ready apartment in R7‚Äôs prime location, on the Central Axis, next to the British University, and near major city landmarks!",2,3,147 Sq. M.,N/A,"Scenario, New Capital City, Cairo","4,783,288"
2025-03-31,Apartment,Exclusive Offer 5% Down Payment Get Loft with Garden  Over 7 Yrs Installments Luxury Finished Prime Location,3,3,150 Sq. M.,0% Down Payment,"June Sodic, North Coast, Matruh","17,200,000"
2025-03-31,Apartment,"Two-bedroom apartment, first row on the lagoon, for sale ready to move in the Latin Quarter, with luxurious finishing (ultra super lux)",2,2,130 Sq. M.,"Down payment: EGP 523,000","Latin District, Alamein, Matruh","5,230,000"
2025-03-31,Apartment,Apartment fully finished for sale at new zayed over 8 years ready to move,2,2,120 Sq. M.,"Down payment: EGP 500,000","VYE Sodic Compound, Sheikh Zayed, Giza","10,500,000"
2025-03-31,Chalet,Sea View chalet Fully finished  Near Delivery 2026 With Lowest Downpayment 25% prime location,2,2,147 Sq. M.,0% Down Payment,"Azha, Ain Sukhna, Suez","8,000,000"
2025-03-31,Townhouse,"Your Perfect Investment in TOWNHOUSE 171 m + 185 m Garden, Compound, Fully Finished",3,3,171 Sq. M.,"Down payment: EGP 1,872,222","6th Settlement, New Cairo, Cairo","18,722,224"
2025-03-31,Townhouse,Special Offer 5% Down Payment Corner Town House  Installment Over 8 years Prime Location,3,3,190 Sq. M.,0% Down Payment,"Jeera Compound, Sheikh Zayed, Giza","6,500,000"
2025-03-31,Apartment,In the Fifth Settlement a fully finished ultra super deluxe apartment in the Golden Square in front of Wadi Degla Club New Cairo and near AUC,3,2,162 Sq. M.,"Down payment: EGP 1,230,000","5th Settlement, New Cairo, Cairo","8,900,000"
2025-03-31,Villa,In Hyde Park Compound a villa for sale at the end of the southern ninety on the middle ring road next to Zed East Ora with installments over 10 years,6,3,240 Sq. M.,"Down payment: EGP 3,300,000","Hyde Park New Cairo Compound, 5th Settlement, New Cairo, Cairo","22,700,000"
2025-03-31,Villa,Villa in New Zayed close to Waslet Dahshour with 5% DP Only & Installments over 12 Y,5,6,350 Sq. M.,"Down payment: EGP 620,000","Kingsway, 6th of October, Giza","12,400,000"
2025-03-31,Villa,Fully finished Europe villa in Mostakbl city / 6 million only,3,3,175 Sq. M.,N/A,"The Wonder MarQ, Mostakbal City, Cairo","9,500,000"
2025-03-31,Apartment,"Apartment for sale in Downtown - Immediate delivery - 11% down payment, installments over 7 years - North Coast",2,2,157 Sq. M.,"Down payment: EGP 847,000","Downtown, North Coast, Matruh","7,700,000"
2025-03-31,Townhouse,For sale a 245 m¬≤ townhouse super deluxe finishing immediate delivery in a prime location in New Cairo minutes from the Fifth Settlement,4,4,245 Sq. M.,N/A,"New Capital City, Cairo","16,300,000"
2025-03-31,Apartment,"Apartment for immediate sale, fully finished, in the Fifth Settlement, prime location in The Address East Compound",3,2,193 Sq. M.,"Down payment: EGP 1,396,182","The Address East Compound, 5th Settlement, New Cairo, Cairo","9,307,880"
2025-03-31,Villa,READY TO MOVE VILLA GARDEN FOR SALE CLOSE ARKAN MALL,4,5,220 Sq. M.,"Down payment: EGP 2,235,000","Mountain View iCity Compound, 6th of October, Giza","14,900,000"
2025-03-31,Villa,"For sale in installments over 5 years, a townhouse villa with a distinctive landscape view, Village West, Sheikh Zayed",4,4,226 Sq. M.,"Down payment: EGP 2,470,700","Village West Compound, Sheikh Zayed, Giza","24,707,000"
2025-03-31,Apartment,Lowest Down Payment Get Apartment Fully Finished Installment Prime Location In Village West,2,2,122 Sq. M.,"Down payment: EGP 3,105,000","Village West Compound, Sheikh Zayed, Giza","8,156,000"
2025-03-31,Apartment,Lowest Down payment get Apartment  - In Very Prime Location 5th Settlement  Install 10Years,3,3,161 Sq. M.,"Down payment: EGP 510,000","Hyde Park New Cairo Compound, 5th Settlement, New Cairo, Cairo","10,200,000"
2025-03-31,Apartment,"Opportunity at a special price, 5% down payment in the first offering, apartment for sale + garden, 9-year installments, Sheikh Zayed CIV West",3,3,160 Sq. M.,"Down payment: EGP 355,000","Sheikh Zayed, Giza","7,100,000"
2025-03-31,Apartment,Limited Offer 10% Down Payment Apartment   Over 9Years Installments in The Most Prime Location,3,3,157 Sq. M.,0% Down Payment,"La Colina, Sheikh Zayed, Giza","10,117,000"
2025-03-31,Apartment,Apartment with Garden in El Shorouk City with 450K Down Payment,1,1,68 Sq. M.,"Down payment: EGP 452,859","Palm Island, Shorouk City, Cairo","3,019,064"
2025-03-31,Apartment,üè° Own Your Future Now! A Luxury Apartment in Boardwalk at Competitive Prices with Installments Up to 10 Years! üî•‚ú®,3,2,222 Sq. M.,"Down payment: EGP 48,048","BOARDWALK, New Capital City, Cairo","4,804,800"
2025-03-31,Chalet,Fully finished chalet Near Delivery 2026 With Lowest Downpayment Sea View prime location,2,2,119 Sq. M.,0% Down Payment,"Azha, Ain Sukhna, Suez","7,000,000"
2025-03-31,Villa,Villa in New Zayed near Alexandria desert road with 5% DP Only & Installments over 12 Y,5,6,331 Sq. M.,"Down payment: EGP 600,000","Kingsway, 6th of October, Giza","12,000,000"
2025-03-31,Chalet,"Chalet for sale, fully finished - immediate delivery - 5% down payment - installments over 9 years - New Alamein - North Coast",3,3,233 Sq. M.,"Down payment: EGP 750,550","Latin District, Alamein, Matruh","15,011,000"
2025-03-31,Chalet,"Chalet for sale, fully finished - immediate delivery - New Alamein - 5% down payment - installments over 12 years",2,2,121 Sq. M.,"Down payment: EGP 535,951","Latin District, Alamein, Matruh","10,719,020"
2025-03-31,Chalet,Eid Offer 5% Down Payment Get Chalet with Garden  Over 8 Yrs Installments With Kitchen & AC Luxury Finished  Ras Al-Hikma,3,3,157 Sq. M.,0% Down Payment,"Azha, North Coast, Matruh","8,000,000"
2025-03-31,Apartment,Apartment fully finished in Palm Hills New Cairo with 3% down payment and installments over 10 years,3,4,154 Sq. M.,"Down payment: EGP 574,650","Palm Hills New Cairo Compound, 5th Settlement, New Cairo, Cairo","19,155,000"
2025-03-31,Apartment,Fully Finished Apartment in Mountain view icity with 1.5% DP & Installments over 12 y,3,3,165 Sq. M.,"Down payment: EGP 193,500","Mountain View iCity Compound, 6th of October, Giza","12,900,000"
2025-03-31,Chalet,lagoon view chalet luxury finishing with zero % down payment,2,2,110 Sq. M.,0% Down Payment,"Makadi Heights, Hurghada, Red Sea","8,800,000"
2025-03-31,Apartment,"For sale apartment 145m Lugar Compound, Gates Company, 10 years installments, New Sheikh Zayed",3,3,145 Sq. M.,"Down payment: EGP 316,150","Lugar, Sheikh Zayed, Giza","12,646,000"
2025-03-31,Apartment,Lowest Price  Apartment Super Lux Installment Landscape View In Zed West,2,2,140 Sq. M.,"Down payment: EGP 3,350,000","ZED West Compound, Sheikh Zayed, Giza","9,500,000"
2025-03-31,Villa,Fully Finished Villa behind Mall of Arabia in Mountain View icity with 1.5% DP Only!,4,4,190 Sq. M.,"Down payment: EGP 307,500","Mountain View iCity Compound, 6th of October, Giza","20,500,000"
2025-03-31,Apartment,Apartment for sale at a price below market value in a prime location with a 5% down payment in Hub Town Hassan Allam / Mostakbal City,2,2,130 Sq. M.,"Down payment: EGP 558,000","Haptown, Mostakbal City, Cairo","11,160,000"
2025-03-31,Apartment,"Own a ready-to-move apartment in R7‚Äôs prime location, on the Central Axis, next to the British University, and near top city landmarks! üî•üöÄ",4,3,172 Sq. M.,N/A,"Scenario, New Capital City, Cairo","5,011,435"
2025-03-31,Apartment,Apartment for sale with a palace area ‚Äã‚Äã430m directly view of Nile highest ROI in Maadi in Nile Pearl Tower next to Hilton,3,3,430 Sq. M.,N/A,"Corniche El Maadi, Maadi, Cairo","20,170,000"
2025-03-31,Apartment,Arkan Palm Launching Tallest Towers in West Cairo!,2,2,120 Sq. M.,"Down payment: EGP 1,150,000","Arkan Palm 205, Sheikh Zayed, Giza","23,400,000"
2025-03-31,Apartment,Apartment with Garden installment over 10 years in El Shorouk City Near to Open Air Mall,2,2,122 Sq. M.,"Down payment: EGP 618,150","Palm Capital, Shorouk City, Cairo","4,121,000"
2025-03-31,Apartment,"With the lowest down payment in the market, own an apartment with Palm Hills in the heart of the Fifth Settlement, super luxe finished, and pay in i",2,2,115 Sq. M.,"Down payment: EGP 700,000","Palm Hills New Cairo Compound, 5th Settlement, New Cairo, Cairo","14,000,000"
2025-03-31,Apartment,"Ready-to-move-in apartment for sale in the Latin Quarter, North Coast, fully finished, immediate delivery, with a panoramic view of the sea directly",1,1,95 Sq. M.,N/A,"Latin District, Alamein, Matruh","3,830,000"
2025-03-31,Villa,A distinctive villa with the lowest price with full greenery view for sale in Azzar Compound New Cairo,4,3,194 Sq. M.,"Down payment: EGP 745,000","Azzar Compound, 5th Settlement, New Cairo, Cairo","14,900,000"
2025-03-31,Apartment,"3-bedroom apartment of 163 m for sale with an open view in The City, the capital, with installments over 10 years",3,2,163 Sq. M.,"Down payment: EGP 709,000","The City, New Capital City, Cairo","3,544,000"
2025-03-31,Apartment,"For sale, an apartment of 165 square meters, 3 bedrooms, in Jadeed, Fifth Settlement, second floor, with a distinctive view, to be delivered in Decemb",3,3,165 Sq. M.,"Down payment: EGP 4,100,000","Jayd Compound, 5th Settlement, New Cairo, Cairo","6,741,785"
2025-03-31,Apartment,"Ground floor apartment with a garden for sale, ready for immediate delivery, fully finished, and available for installments in The Address East",2,2,121 Sq. M.,"Down payment: EGP 3,000,000","The Address East Compound, 5th Settlement, New Cairo, Cairo","7,500,000"
2025-03-31,Apartment,üè° Your Chance Now! Own a Luxury Apartment with Zero Down Payment & Installments Up to 10 Years in the Heart of the New Capital! üèôÔ∏è‚ú®,3,3,209 Sq. M.,"Down payment: EGP 45,676","BOARDWALK, New Capital City, Cairo","4,567,585"
2025-03-31,Apartment,üè° Golden Opportunity! Own a Luxury Apartment in the Heart of the New Capital with Zero Down Payment & Installments Up to 10 Years! üèôÔ∏è‚ú®,3,3,194 Sq. M.,"Down payment: EGP 39,315","BOARDWALK, New Capital City, Cairo","3,931,510"
2025-03-31,Apartment,üè° Zero Down Payment & 10-Year Installment Plan ‚Äì Own Your Apartment in the Heart of the New Administrative Capital! üèôÔ∏è‚ú®,2,2,127 Sq. M.,"Down payment: EGP 31,406","BOARDWALK, New Capital City, Cairo","3,140,610"
2025-03-31,Chalet,Chalet Seaview 5% Downpayment over 10 Years install prime location landscape view,2,2,85 Sq. M.,0% Down Payment,"IL Monte Galala, Ain Sukhna, Suez","7,100,000"
2025-03-31,Chalet,Chalet for sale 160m in La Vista Bay North Coast La VIsta Pay North Coast Immediate Receipt Fully Finished Sea View,3,2,160 Sq. M.,N/A,"La Vista Bay East, North Coast, Matruh","4,500,000"
2025-03-31,Townhouse,"Townhouse for sale at a price below market price in the heart of the Fifth Settlement in Palm Hills New Cairo Compound, open view to the landscape - p",4,3,200 Sq. M.,"Down payment: EGP 1,349,950","Palm Hills New Cairo Compound, 5th Settlement, New Cairo, Cairo","26,999,000"
2025-03-31,Apartment,Fully finished Apartment near Arkan plaza up to 12 years,3,3,154 Sq. M.,"Down payment: EGP 475,000","Garden Lakes, 6th of October, Giza","9,500,000"
2025-03-31,Apartment,"Visit Your Apartment in the First Sports Compound in Egypt, Located in the New Administrative Capital!",3,3,148 Sq. M.,N/A,"Scene 7, New Capital City, Cairo","4,338,937"
2025-03-31,Apartment,Apartment in Sheraton 2 bedrooms 1984000 EGP - 501903063,2,2,125 Sq. M.,N/A,"Sheraton, Cairo","1,984,000"
2025-03-31,Chalet,Fully finished chalet for sale - immediate delivery - North Coast - 10% down payment - installments over 8 years,2,2,89 Sq. M.,"Down payment: EGP 940,000","Cali Coast, North Coast, Matruh","9,400,000"
2025-03-31,Chalet,First row chalet fully finished directly on the sea 3 rooms for sale in La Vista Bay North Coast,3,3,155 Sq. M.,N/A,"La Vista Bay East, North Coast, Matruh","4,500,000"
2025-03-31,Chalet,Chalet directly on the lagoon for sale with a 5% down payment and ready for viewing,2,2,101 Sq. M.,"Down payment: EGP 366,000","Cali Coast, North Coast, Matruh","7,320,000"
2025-03-31,Apartment,"An apartment for immediate delivery in the heart of the Fifth Settlement, at a price lower than the market price, from Al Marasem, fully finished with",2,2,137 Sq. M.,"Down payment: EGP 831,500","Fifth Square Compound, 5th Settlement, New Cairo, Cairo","16,630,000"
2025-03-31,Apartment,"""Kardia ‚Äì Luxury, Prime Location, and a Smart Investment in the Heart of the New Capital!""",3,3,168 Sq. M.,N/A,"Kardia, New Capital City, Cairo","3,963,740"
2025-03-31,Apartment,"""Kardia ‚Äì Where Your Luxurious Life Begins in the Heart of the New Administrative Capital! üè°‚ú®""",4,3,188 Sq. M.,N/A,"Kardia, New Capital City, Cairo","4,466,660"
2025-03-31,Apartment,For sale with a special cash discount apartment with full facing north on Suez Road directly in Taj City New Cairo,3,3,174 Sq. M.,N/A,"Taj City Compound, 1st Settlement, New Cairo, Cairo","8,990,000"
2025-03-31,Apartment,"Apartment for sale with immediate delivery at a bargain price with payment plans available for up to 10 years in the Latin Quarter,",2,1,194 Sq. M.,N/A,"Latin District, Alamein, Matruh","3,000,000"
2025-03-31,Apartment,Eid offer with down payment 550K and 12 years installments,3,3,157 Sq. M.,"Down payment: EGP 550,000","New Cairo, Cairo","11,000,000"
2025-03-31,Apartment,Fully finished apartment with easy installments from SODIC in New Heliopolis,2,2,141 Sq. M.,"Down payment: EGP 468,000","Sodic East, New Heliopolis, Cairo","9,360,000"
2025-03-31,Twin House,Lowest price twin house in Marassi for sale,3,3,420 Sq. M.,N/A,"Marassi, North Coast, Matruh","38,000,000"
2025-03-31,Duplex,Duplex for sale in new Zayed fully finished ready to move,4,3,204 Sq. M.,N/A,"Solana, Sheikh Zayed, Giza","12,750,000"
2025-03-31,Apartment,"170m¬≤ Apartment in Uptown October with 250,000 EGP Down Payment",3,3,170 Sq. M.,"Down payment: EGP 250,000","Uptown, 6th of October, Giza","2,950,000"
2025-03-31,Apartment,"""Own Your Luxury Apartment in the Heart of the New Capital with a Low Down Payment & Invest Smartly! üè°‚ú®""",3,3,180 Sq. M.,N/A,"Midtown Condo, New Capital City, Cairo","3,824,766"
2025-03-31,Apartment,Own your unit in the heart of the New Capital ‚Äì Luxury and comfort next to the British University and Dubai Mall! üè°‚ú®,4,3,198 Sq. M.,N/A,"Scenario, New Capital City, Cairo","5,768,977"
2025-03-31,Apartment,"Own your unit in the heart of the New Capital, next to the British University and Dubai Mall!",2,3,154 Sq. M.,N/A,"Scenario, New Capital City, Cairo","4,887,190"
2025-03-31,Apartment,"Own your apartment in a fully built compound next to the British University, in the best location in the R7¬†district!¬†üåøüè°",2,2,132 Sq. M.,N/A,"Scenario, New Capital City, Cairo","4,315,616"
2025-03-31,Apartment,New apartment for sale at a competitive price - strategic location in the heart of the Fifth Settlement (Investors District).,2,2,110 Sq. M.,"Down payment: EGP 1,058,750","5th Settlement, New Cairo, Cairo","7,940,625"
2025-03-31,Villa,"0% down payment, 5-room villa for sale, walled in Madinaty, in installments",5,4,239 Sq. M.,"Down payment: EGP 1,753,800","Sarai, Mostakbal City, Cairo","17,538,000"
2025-03-31,Apartment,Double View Apartment With Special Discount Full Open View From All Rooms For Sale In Taj City New Cairo,2,2,124 Sq. M.,N/A,"Taj City Compound, 1st Settlement, New Cairo, Cairo","8,300,000"
2025-03-31,Chalet,3BD chalet with pool view in Marina with hot price,3,3,175 Sq. M.,N/A,"Marassi, North Coast, Matruh","18,500,000"
2025-03-31,Apartment,Apartment for sale ready to move fully finished in New Cairo,3,3,201 Sq. M.,N/A,"5th Settlement, New Cairo, Cairo","10,430,000"
2025-03-31,Penthouse,"Apartment with garden , installments over 12 years",3,3,210 Sq. M.,"Down payment: EGP 440,000","Ashgar City Compound, 6th of October, Giza","8,800,000"
2025-03-31,Apartment,"With a view of El Alamein Towers and sea view , immediate receipt of the last 224m apartment for sale in Mazarine El Alamein",4,3,224 Sq. M.,N/A,"Mazarine, North Coast, Matruh","9,300,000"
2025-03-31,Apartment,"Apartment for sale, 170 sqm, fully finished, in The Water Way, Fifth Settlement, with installment options.",3,2,170 Sq. M.,"Down payment: EGP 7,226,100","The Waterway Compound, 5th Settlement, New Cairo, Cairo","24,087,000"
2025-03-31,Apartment,"Own your apartment in a fully built compound next to the British University, in the best location in the R7¬†district!¬†üåøüè°",3,3,172 Sq. M.,N/A,"Scenario, New Capital City, Cairo","5,011,435"
2025-03-31,Apartment,üí∞ The Investment of a Lifetime Starts Here! Own Your Unit with the Lowest Down Payment & Longest Installment Plan in the New Capital ‚Äì Immediate Deli,3,3,175 Sq. M.,"Down payment: EGP 254,942","Scenario, New Capital City, Cairo","5,098,843"
2025-03-31,Apartment,Spacious garden apartment for sale with modern design in the Fifth Settlement - at a special price and easy installments available.,2,2,127 Sq. M.,"Down payment: EGP 991,350","5th Settlement, New Cairo, Cairo","7,435,125"
2025-03-31,Chalet,Limited Offer Book Now 30% Cash Discount Get Chalet Sea View Prim Location,2,2,95 Sq. M.,0% Down Payment,"Fouka Bay, North Coast, Matruh","8,000,000"
2025-03-31,Apartment,Corner apartment 220 Sqm with greenery view directly in front of Cairo Airport for sale in Taj City Compound,4,4,220 Sq. M.,N/A,"Taj City Compound, 1st Settlement, New Cairo, Cairo","9,800,000"
2025-03-31,Duplex,Roof duplex for sale with 42% cash discount in Taj City New Cairo Compound Fifth Settlement,4,4,225 Sq. M.,N/A,"Taj City Compound, 1st Settlement, New Cairo, Cairo","9,800,000"
2025-03-31,Duplex,Corner Duplex 3 directions view for sale with a special cash discount in Taj City New Cairo Fifth Settlement,4,4,225 Sq. M.,N/A,"Taj City Compound, 1st Settlement, New Cairo, Cairo","9,780,000"
2025-03-31,Duplex,Double View Roof Duplex Full Facing North With 8 Years Instalments For Sale In Taj City New Cairo,4,4,225 Sq. M.,N/A,"Taj City Compound, 1st Settlement, New Cairo, Cairo","9,600,000"
2025-03-31,Apartment,Apartment for sale prime location in Madinaty - RTM - Furnished,2,2,80 Sq. M.,N/A,"Madinaty, Cairo","5,200,000"
2025-03-31,Apartment,"Your apartment in the heart of the New Administrative Capital ‚Äì luxury, privacy, and stunning views! üè°‚ú®",4,3,189 Sq. M.,N/A,"Armonia, New Capital City, Cairo","5,062,959"
2025-03-31,Villa,"Resale directly from the owner, a 185-square-meter villa for sale in Creek Town, Fifth Settlement",4,3,185 Sq. M.,N/A,"Creek Town Compound, 5th Settlement, New Cairo, Cairo","13,500,000"
2025-03-31,Apartment,Your Apartment in the Heart of the New Capital in the Most Luxurious Compound with Ultimate Privacy¬†and¬†Luxury!¬†üè°‚ú®,3,3,144 Sq. M.,N/A,"Armonia, New Capital City, Cairo","4,175,919"
2025-03-31,Chalet,chalet for sale in amwaj / north coast Sidi Abdelrahman fully furnished ready to move,3,1,136 Sq. M.,N/A,"Amwaj, North Coast, Matruh","9,000,000"
2025-03-31,Apartment,Corner Apartment for sale Fully finished with catshy price & view landscape,3,2,143 Sq. M.,N/A,"Fifth Square Compound, 5th Settlement, New Cairo, Cairo","9,200,000"
2025-03-31,Villa,villa for sale 600 m with open view in front of rehab city in the fifth settlement in installments,6,6,600 Sq. M.,N/A,"Rehab City Compound, New Cairo, Cairo","12,907,727"
2025-03-31,Apartment,"With a minimal down payment, you can own an apartment in the heart of the Fifth Settlement.",3,3,196 Sq. M.,"Down payment: EGP 1,100,000","5th Settlement, New Cairo, Cairo","22,000,000"
2025-03-31,Penthouse,Receive immediately the best penthouse division and pay in installments at your convenience over the longest repayment period of up to 10 years.,4,4,234 Sq. M.,N/A,"Galleria Moon Valley Compound, 5th Settlement, New Cairo, Cairo","18,600,000"
2025-03-31,Apartment,Luxury Finished  Loft  Resale Installment  Landscape View At The Best Location,2,2,149 Sq. M.,"Down payment: EGP 2,946,000","Solana, Sheikh Zayed, Giza","9,580,000"
2025-03-31,Apartment,Live the Ultimate Sports Lifestyle in the Heart of the New Capital ‚Äì Your Home in an Integrated Sports Community! üè°‚öΩ,4,2,169 Sq. M.,N/A,"Scene 7, New Capital City, Cairo","5,007,027"
2025-03-31,Apartment,Your apartment is ready for inspection now. Receive immediately with the lowest down payment and installments over 10 years.,3,3,158 Sq. M.,"Down payment: EGP 1,065,000","Galleria Compound, 5th Settlement, New Cairo, Cairo","21,300,000"
2025-03-31,Chalet,Lowest Price Resale Chalet Luxury Furnished sea View At The Best Location,2,2,127 Sq. M.,N/A,"Marassi, North Coast, Matruh","17,500,000"
2025-03-31,Apartment,Apartment for sale in a premium location under market price,3,3,152 Sq. M.,"Down payment: EGP 7,600,000","O West Compound, 6th of October, Giza","9,639,706"
2025-03-31,Apartment,"170m¬≤ Apartment in Uptown October with 250,000 EGP Down Payment",3,3,170 Sq. M.,"Down payment: EGP 250,000","Uptown, 6th of October, Giza","2,950,000"
2025-03-31,Apartment,"Sawiris Towers, Sheikh Zayed, immediate delivery, fully finished apartment",2,2,100 Sq. M.,0% Down Payment,"ZED West Compound, Sheikh Zayed, Giza","14,000,000"
2025-03-31,Townhouse,Special Price Townhouse Resale Ready To Move Greenary View At The Best Location,4,4,313 Sq. M.,0% Down Payment,"Etapa Compound, Sheikh Zayed, Giza","12,800,000"
2025-03-31,Villa,"The last villa at an unrepeatable price, 155 square meters, for sale on the Suez Road, Fifth Settlement",3,2,155 Sq. M.,"Down payment: EGP 1,765,000","Taj City Compound, 1st Settlement, New Cairo, Cairo","17,650,000"
2025-03-31,Apartment,A luxurious two-bedroom apartment with a panoramic sea view in the new development of the New Alamein Towers. Fully finished with air conditioning and,3,2,310 Sq. M.,"Down payment: EGP 2,958,970","Alamein, Matruh","29,590,000"
2025-03-31,Penthouse,Penthouse Roof - Immediate Receipt - Fully Finished - 4 Million Cash Required and the Remaining Over 6 Years,2,2,121 Sq. M.,"Down payment: EGP 3,925,000","Fifth Square Compound, 5th Settlement, New Cairo, Cairo","15,700,000"
2025-03-31,Villa,"Villa for sale with a distinctive view, at the first offering price, and with installments up to 10 years, in the heart of the Sixth Settlement, Hyde",4,4,217 Sq. M.,"Down payment: EGP 1,300,000","Hyde Park New Cairo Compound, 5th Settlement, New Cairo, Cairo","26,000,000"
2025-03-31,Chalet,Exclusive  Offer 10% Down Payment Over 8 Yrs Installments Prim Location Sea View,3,3,110 Sq. M.,0% Down Payment,"Salt, North Coast, Matruh","10,000,000"
2025-03-31,Townhouse,Lowest Price Townhouse Resale Installments Open View  At The Best Location,3,3,185 Sq. M.,0% Down Payment,"VYE Sodic Compound, Sheikh Zayed, Giza","15,425,000"
2025-03-31,Chalet,Exclusive  Offer 10% Down Payment Over 8 Yrs Installments Prim Location Sea View,2,2,95 Sq. M.,0% Down Payment,"Salt, North Coast, Matruh","9,000,000"
2025-03-31,Apartment,Get Apartment 15% DP Fully Finished Installment6 Years Landscape View In AL Karma Kay,3,3,163 Sq. M.,0% Down Payment,"Karma Kay Compound, Sheikh Zayed, Giza","5,205,000"
2025-03-31,Villa,Standalone villa for sale in The Yard North Strike Compound in Sheikh Zayed with a 10% down payment and facilities over 10 years,5,5,270 Sq. M.,"Down payment: EGP 1,853,100","Zayard Compound, Sheikh Zayed, Giza","18,531,000"
2025-03-31,Apartment,Apartment for sale with a 50% cash discount in Taj City Compound in front of Cairo International Airport,3,3,166 Sq. M.,N/A,"Taj City Compound, 1st Settlement, New Cairo, Cairo","6,500,000"
2025-03-31,Chalet,"Fully finished chalet for immediate delivery in the Latin District, El Alamein",3,2,177 Sq. M.,N/A,"Latin District, North Coast, Matruh","2,300,000"
2025-03-31,Apartment,An unrepeatable opportunity! Apartment for sale in a prime location in the heart of the Fifth Settlement (special price) with installments available f,1,1,72 Sq. M.,"Down payment: EGP 662,400","5th Settlement, New Cairo, Cairo","6,624,000"
2025-03-31,Villa,Fully Finished Standalone Villa  facing north for sale with Installments till 2030 in Soul By Emaar - North Coast,3,4,339 Sq. M.,"Down payment: EGP 33,844,989","Soul, North Coast, Matruh","72,317,276"
2025-03-31,Apartment,Exclusive Offer 30% Cash Discount Get Service Apartment Sea View Prim Location,2,2,110 Sq. M.,0% Down Payment,"Fouka Bay, North Coast, Matruh","10,000,000"
2025-03-31,Apartment,Without Down Payment 0% over 10 Years installments Prime Apartment Landscape View prime Location in Telal East,2,2,135 Sq. M.,0% Down Payment,"Telal East, 5th Settlement, New Cairo, Cairo","5,700,000"
2025-03-31,Apartment,Spaecial Offer Own Luxury Apartment Without Down Payment Over 12Years Installments At The best Location In New Cairo,2,2,153 Sq. M.,0% Down Payment,"Taj City Compound, 1st Settlement, New Cairo, Cairo","8,000,000"
2025-03-31,Townhouse,Luxury Finished Townhouse Resale Landscape View In Very Prime Location,3,4,210 Sq. M.,0% Down Payment,"The Estates Compound, Sheikh Zayed, Giza","14,985,000"
2025-03-31,Apartment,üèÜ Own Your Apartment in the First Fully Integrated Sports Compound in the New Capital ‚Äì Only 4% Down Payment & Installments Up to 10 Years! üè°üéæ,3,3,148 Sq. M.,"Down payment: EGP 173,557","Scene 7, New Capital City, Cairo","4,338,937"
2025-03-31,Apartment,Ready to move fully finished apartment by sodic near Beverly hills,3,3,158 Sq. M.,"Down payment: EGP 725,000","VYE Sodic Compound, Sheikh Zayed, Giza","14,500,000"
2025-03-31,Chalet,Lowest  Down Payment 5%Get  Chalet Over 8 Yrs Sea View Prim Location,4,4,175 Sq. M.,0% Down Payment,"Plage, North Coast, Matruh","13,000,000"
2025-03-31,Townhouse,For Sale in WONDER MARQ ‚Äì Prime Location Townhouse,3,4,242 Sq. M.,N/A,"The Wonder MarQ, Mostakbal City, Cairo","13,400,000"
2025-03-31,Chalet,"2 bedrooms -ready to move - 5 years installment -downpayment 527,000",2,2,98 Sq. M.,"Down payment: EGP 527,500","Sokhna Hills, Ain Sukhna, Suez","5,275,000"
2025-03-31,Apartment,Own a luxurious apartment for sale in Narges Buildings ‚Äì Fifth Settlement ‚Äì Prime location with high-end finishing‚Äì Call now and book your apartment!.,3,3,192 Sq. M.,N/A,"Al Narges, 5th Settlement, New Cairo, Cairo","7,000,000"
2025-03-31,Penthouse,Penthouse for immediate delivery in a compound in the best location in the Fifth Settlement,3,3,200 Sq. M.,N/A,"5th Settlement, New Cairo, Cairo","13,800,000"
2025-03-31,Apartment,Exclusive Pay 5%Down Payment Get Apartment Installments Over 10 Yrs Landscape View,3,3,160 Sq. M.,0% Down Payment,"Karmell Compound, Sheikh Zayed, Giza","7,500,000"
2025-03-31,Apartment,üè° Ready to Elevate Your Lifestyle? Your Apartment in Oia is Ready for Immediate Move-In! üî•,3,2,154 Sq. M.,"Down payment: EGP 423,500","OIA, New Capital City, Cairo","4,235,000"
2025-03-31,Apartment,üî• Immediate Delivery! Own Your Luxury Apartment in the Heart of the New Capital ‚Äì Get an Instant Discount Equal to Your Down Payment! üöÄ,3,3,177 Sq. M.,"Down payment: EGP 690,300","Pukka, New Capital City, Cairo","6,903,000"
2025-03-31,Apartment,Own Your Unit in the First Fully Integrated Sports Compound in the Heart of the New Capital ‚Äì A Healthy Lifestyle & a Profitable Investment! üè°‚öΩ,3,2,144 Sq. M.,N/A,"Scene 7, New Capital City, Cairo","4,266,343"
2025-03-31,Apartment,"Own a Unit in the First Fully Integrated Sports Compound in the New Capital ‚Äì Luxury, Sports, and a Profitable Investment! üè°‚öΩ",5,3,200 Sq. M.,N/A,"Scene 7, New Capital City, Cairo","5,925,476"
2025-03-31,Chalet,Special offer0%dp finished chalet direct on lagoon,2,3,90 Sq. M.,"Down payment: EGP 222,500","Makadi Heights, Hurghada, Red Sea","8,900,000"
2025-03-31,Chalet,Chalet with Alamein Tower View Lowest Price in Porto Cruise in Alamein City North Coast,1,1,45 Sq. M.,"Down payment: EGP 611,000","Golf Porto Marina, North Coast, Matruh","2,860,000"
2025-03-31,Chalet,Chalet 7th Floor installment in Porto Alamein North with View Of Alamein City,1,1,49 Sq. M.,"Down payment: EGP 870,000","Porto Golf Marina, North Coast, Matruh","3,445,000"
2025-03-31,Chalet,Eid Offer 5% Down Payment Get  Chalet Over 8 Yrs Sea View Prim Location,3,3,107 Sq. M.,0% Down Payment,"Plage, North Coast, Matruh","7,000,000"
2025-03-31,Penthouse,Penthouse for sale in Jump Mivida Compound in Golden Square area,3,3,187 Sq. M.,N/A,"5th Settlement, New Cairo, Cairo","13,000,000"
2025-03-31,Apartment,üåü Green Avenue ‚Äì Own Your Unit Now & Get Instant Delivery with a Stunning View of the Green River! üåøüè°‚ú®,3,3,196 Sq. M.,"Down payment: EGP 469,224","Green Avenue, New Capital City, Cairo","4,692,240"
2025-03-31,Chalet,Porto Alamein Atlantis Chalet with 877K Down Payment infront of Alamein Towers,1,1,45 Sq. M.,"Down payment: EGP 877,000","North Edge Towers, North Coast, Matruh","2,542,000"
2025-03-31,Apartment,"At the lowest price, directly on the sea, an apartment for sale in New Alamein, immediate delivery, fully finished, and in installments for the longes",3,2,125 Sq. M.,N/A,"Latin District, Alamein, Matruh","2,000,000"
2025-03-31,Apartment,"For sale on the Suez Road, directly in front of the Police College, a ground floor apartment with a very special garden next to the Club House",2,2,130 Sq. M.,"Down payment: EGP 1,000,000","1st Settlement, New Cairo, Cairo","5,200,000"
2025-03-31,Apartment,"A fully finished apartment overlooking the sea, ready for immediate delivery in the heart of New Alamein City. Payment plans up to 12 years.",3,2,141 Sq. M.,"Down payment: EGP 569,994","Latin District, Alamein, Matruh","5,700,000"
2025-03-31,Apartment,"Apartment for sale, immediate delivery (the compound is already occupied) in the Fifth Settlement",3,3,168 Sq. M.,"Down payment: EGP 845,000","New Cairo, Cairo","16,900,000"
2025-03-31,Apartment,üè° Experience Luxury & Sports Together! Own Your Apartment in the First Sports Compound in the New Capital with Just 4% Down Payment & Installments Up,3,3,144 Sq. M.,"Down payment: EGP 170,654","Scene 7, New Capital City, Cairo","4,266,343"
2025-03-31,Apartment,3-bedroom apartment for sale in installments over 12 years in the most distinguished phase in Hyde Park Direct on South 90th Street,3,2,144 Sq. M.,"Down payment: EGP 1,600,000","Hyde Park New Cairo Compound, 5th Settlement, New Cairo, Cairo","10,300,000"
2025-03-31,Apartment,A ready-to-move-in apartment in front of the British University and near the most important tourist landmarks in the New Administrative Capital.,3,3,194 Sq. M.,N/A,"Pukka, New Capital City, Cairo","7,566,000"
2025-03-31,Apartment,A ready-to-move-in apartment in front of the British University and near the most important tourist landmarks in the New Administrative Capital.,2,2,148 Sq. M.,N/A,"Pukka, New Capital City, Cairo","5,733,133"
2025-03-31,Apartment,"Visit Your Apartment in the First Sports Compound in Egypt, Located in the New Administrative Capital!",2,3,124 Sq. M.,N/A,"Scene 7, New Capital City, Cairo","3,943,078"
2025-03-31,Apartment,Your Apartment in the Heart of the New Capital in the Most Luxurious Compound with Ultimate Privacy¬†and¬†Luxury!¬†üè°‚ú®,3,3,159 Sq. M.,N/A,"Armonia, New Capital City, Cairo","4,422,319"
2025-03-31,Apartment,Your apartment is ready in the most prestigious location in the New Capital‚Ä¶ Book now!,3,3,210 Sq. M.,N/A,"Midtown Condo, New Capital City, Cairo","4,306,516"
2025-03-31,Apartment,"Pay (656,000 EGP) and receive your key immediately. Your apartment is directly on South Teseen Street with installments over 10 years.",2,2,130 Sq. M.,"Down payment: EGP 656,865","5th Settlement, New Cairo, Cairo","13,137,307"
2025-03-31,Apartment,Premium Price  Apartment Luxury Finished Installment Landscape View In Zed West,2,2,110 Sq. M.,"Down payment: EGP 4,237,337","ZED West Compound, Sheikh Zayed, Giza","6,914,000"
2025-03-31,Apartment,üè° Own Your Apartment in the Most Prestigious Compound in R7 with Only 10% Down Payment! üî•,3,3,210 Sq. M.,"Down payment: EGP 473,717","Midtown Condo, New Capital City, Cairo","4,737,167"
2025-03-31,Apartment,üåç In the Heart of the New Capital ‚Äì Own Your Apartment Now with Only 10% Down Payment and Live Amidst Vast Green Spaces & Stunning Landscapes! üåøüè°,3,3,181 Sq. M.,"Down payment: EGP 576,745","Entrada, New Capital City, Cairo","5,767,450"
2025-03-31,Apartment,"Grab the offer before the price increases again! It comes with a discount of up to 55% off the total price, with installments available for up to 10 y",3,3,140 Sq. M.,N/A,"Sun Capital, Hadayek October, Giza","5,161,884"
2025-03-31,Apartment,"Ground-floor apartment with a garden at an old price. Take advantage of the discount available for only 4 days, as the price will increase again. Inst",3,3,156 Sq. M.,N/A,"6th of October, Giza","7,417,720"
2025-03-31,Apartment,"116m apartment, 50% discount for a limited period, in New Cairo, directly on the Suez Road",2,2,116 Sq. M.,N/A,"New Cairo, Cairo","3,200,000"
2025-03-31,Apartment,"A turnkey apartment on the Nile Corniche. You'll receive it for only half the price, fully finished with appliances and furnishings.",N/A,1,40 Sq. M.,N/A,"Maadi, Cairo","4,100,000"
2025-03-31,Villa,Villa Fully Finished Ready To Showing Installments 10 years Double View Mazarine New Alamain,4,4,296 Sq. M.,N/A,"Mazarine, North Coast, Matruh","14,300,000"
2025-03-31,Apartment,Fully finished apartment for sale with only 5% down payment in Hyde Park,3,3,161 Sq. M.,"Down payment: EGP 691,500","Hyde Park New Cairo Compound, 5th Settlement, New Cairo, Cairo","13,830,000"
2025-03-31,Apartment,"From Orascom I own a 212 sqm duplex for sale in an excellent location in October, O West Compound",4,3,212 Sq. M.,N/A,"O West Compound, 6th of October, Giza","11,900,000"
2025-03-31,Apartment,"Sawiris Towers, Sheikh Zayed, immediate delivery, fully finished apartment",2,2,100 Sq. M.,0% Down Payment,"ZED West Compound, Sheikh Zayed, Giza","14,000,000"
2025-03-31,Apartment,Own your unit now in Hadayek October for half the price,2,2,117 Sq. M.,N/A,"Hadayek October, Giza","4,210,000"
2025-03-31,Apartment,Own your unit now in Sun Capital for only half the price!,2,2,116 Sq. M.,N/A,"Sun Capital, Hadayek October, Giza","4,210,000"
2025-03-31,Apartment,"Apartment for sale, 150m, Palm Hills Alexandria (500,000 EGP down payment - 17,000 EGP monthly installments)",2,3,150 Sq. M.,"Down payment: EGP 500,000","Palm Hills Alexandria, Amreya, Alexandria","10,400,000"
2025-03-31,Apartment,lowest down payment and lowest monthly installment in October,2,2,107 Sq. M.,"Down payment: EGP 120,150","Hadayek October, Giza","8,010,000"
2025-03-31,Chalet,Early delivery Sea view Fully Finished unit with wide open terrace,3,3,155 Sq. M.,0% Down Payment,"June Sodic, North Coast, Matruh","15,500,000"
2025-03-31,Twin House,"Twin house for sale with immediate delivery in LaVista City compound, New Administrative Capital, with easy payment facilities",4,3,280 Sq. M.,"Down payment: EGP 6,822,000","La Vista City, New Capital City, Cairo","34,110,000"
2025-03-31,Apartment,Own your apartment in the most elegant compound design in the New Administrative Capital.,3,3,198 Sq. M.,N/A,"Armonia, New Capital City, Cairo","8,560,000"
2025-03-31,Villa,"Villa with no down payment, in a prime location in New Cairo, with installments up to 12 years",3,3,212 Sq. M.,N/A,"New Cairo, Cairo","8,000,000"
2025-03-31,Apartment,apartment with down payment 126K and 12 years installments in October,2,2,114 Sq. M.,"Down payment: EGP 126,225","Hadayek October, Giza","8,415,000"
2025-03-31,Apartment,"Apartment for sale, 170 sqm, fully finished, in The Water Way, Fifth Settlement, with installment options.",3,2,170 Sq. M.,"Down payment: EGP 7,226,100","The Waterway Compound, 5th Settlement, New Cairo, Cairo","24,087,000"
2025-03-31,Apartment,Apt. Fully finished in zedeast with Inst. for sale,3,3,165 Sq. M.,"Down payment: EGP 6,000,000","Zed East Compound, 6th Settlement, New Cairo, Cairo","10,369,049"
2025-03-31,Chalet,"A ground chalet with a garden for sale, immediate delivery in Boho Sokhna, near the Galala Road, with installment options",2,2,114 Sq. M.,"Down payment: EGP 1,200,000","BOHO, Ain Sukhna, Suez","12,000,000"
2025-03-31,Apartment,don't miss Eid offer in Badya with monthly installment 15k and down payment 130k,2,2,125 Sq. M.,"Down payment: EGP 128,040","Badya Palm Hills Compound, 6th of October, Giza","8,536,000"
2025-03-31,Apartment,Own your apartment in the most elegant compound design in the New Administrative Capital.,3,3,186 Sq. M.,N/A,"Armonia, New Capital City, Cairo","8,411,000"
2025-03-31,Penthouse,Penthouse for Sale in Marassi ‚Äì Overlooking the Pool,3,3,208 Sq. M.,N/A,"Marassi, North Coast, Matruh","16,500,000"
2025-03-31,Apartment,in front of zed east with 475K down payment with fully finished,2,2,125 Sq. M.,"Down payment: EGP 425,000","New Cairo, Cairo","8,500,000"
2025-03-31,Apartment,with 350K down payment fully finished apartment with 12 years installments,2,2,100 Sq. M.,"Down payment: EGP 375,000","New Cairo, Cairo","7,500,000"
2025-03-31,Apartment,"Apartment for sale with immediate delivery and a low down payment in District 5, Fifth Settlement",3,3,165 Sq. M.,N/A,"District 5 Compound Compound, 5th Settlement, New Cairo, Cairo","10,800,000"
2025-03-31,Apartment,Apartment with Garden for sale in Palm Hills new Cairo  3% Downpayment ovet 10 years installment fully finished,3,3,154 Sq. M.,"Down payment: EGP 559,500","Palm Hills New Cairo Compound, 5th Settlement, New Cairo, Cairo","18,650,000"
2025-03-31,Apartment,Apartment- semi-finished- for sale in Beta Greens Mostakbal City with 10% down payment and installments over 8 years,3,4,180 Sq. M.,"Down payment: EGP 1,210,000","Beta Greens, Mostakbal City, Cairo","12,100,000"
2025-03-31,Apartment,with instalmments Apartment 3BD l prime location,3,3,195 Sq. M.,N/A,"Mivida Compound, 5th Settlement, New Cairo, Cairo","16,500,000"
2025-03-31,Apartment,Apartment- semi-finished- for sale in Beta Greens Mostakbal City with 10% down payment and installments over 8 years,3,3,163 Sq. M.,"Down payment: EGP 1,090,000","Beta Greens, Mostakbal City, Cairo","10,900,000"
2025-03-31,Apartment,"Ground floor apartment 111 m + garden 130 m with no down payment, 42% discount in the Fifth Settlement, installments up to 12 years",2,2,111 Sq. M.,"Down payment: EGP 700,000","5th Settlement, New Cairo, Cairo","7,000,000"
2025-03-31,Apartment,Live in now to the best view of an artificial lake and stunning green spaces! üè°üíö,3,3,159 Sq. M.,N/A,"Armonia, New Capital City, Cairo","4,422,500"
2025-03-31,Apartment,Super luxury finished apartment with Garden in Beverly Hills compound Six West,3,3,185 Sq. M.,N/A,"Beverly Hills Compound, Sheikh Zayed, Giza","4,950,000"
2025-03-31,Apartment,Fully finished apartment with air conditioning for sale in Waterway - Fifth Settlement with equal installments,3,2,170 Sq. M.,N/A,"The Waterway Compound, 5th Settlement, New Cairo, Cairo","11,000,000"
2025-03-31,Chalet,Stunning sea view fully finished chalet near delivery in ras el hekma,3,2,134 Sq. M.,"Down payment: EGP 7,470,000","June Sodic, North Coast, Matruh","16,450,000"
2025-03-31,Apartment,"For sale, a fully finished apartment in The Water Way Compound, Fifth Settlement, directly on Teseen Street, with installment options",3,2,205 Sq. M.,"Down payment: EGP 7,714,800","The Waterway Compound, 5th Settlement, New Cairo, Cairo","25,716,000"
2025-03-31,Apartment,apartment for sale in installments in RAFTS Compound in New Zayed,1,1,79 Sq. M.,"Down payment: EGP 549,990","Waslet Dahshur, Sheikh Zayed, Giza","5,499,900"
2025-03-31,Apartment,Apartment 3Bed For Sale Discount 42% Very Limited Offer BY MNHD Build In Souz Road Minutes From 90 Street Beside Madinty,3,2,131 Sq. M.,N/A,"New Cairo, Cairo","4,300,000"
2025-03-31,Apartment,Apartment for sale in Beta Greens-Mostakbal City fully finished with down payment 10% and installments over 8 years,2,3,127 Sq. M.,"Down payment: EGP 960,000","Beta Greens, Mostakbal City, Cairo","9,600,000"
2025-03-31,Apartment,"""What you pay gets discounted, and you move in now to the best location and the finest place!""",3,3,177 Sq. M.,N/A,"Pukka, New Capital City, Cairo","6,903,000"
2025-03-31,Apartment,"""Your Apartment Ready with a Simple Down Payment and Immediate Delivery! üè°‚ú®""",3,2,147 Sq. M.,N/A,"Pukka, New Capital City, Cairo","5,733,000"
2025-03-31,Apartment,"""What you pay gets discounted, and you move in now to the best location and the finest place!""",3,3,190 Sq. M.,N/A,"Pukka, New Capital City, Cairo","7,410,000"
2025-03-31,Apartment,Get Your Apartment Immediately in the First Residential Hotel Compound!,3,3,163 Sq. M.,N/A,"Scenario, New Capital City, Cairo","4,593,000"
2025-03-31,Apartment,"Fully finished apartment for sale, immediate delivery in the First Settlement",3,3,170 Sq. M.,"Down payment: EGP 1,208,700","1st Settlement, New Cairo, Cairo","12,087,000"
2025-03-31,Apartment,"295,000egp cash ready to move with 12 years installments sea view & lagoons finished apartment sale in new alamein north coast",3,2,141 Sq. M.,0% Down Payment,"Latin District, Alamein, Matruh","2,000,000"
2025-03-31,Apartment,"Apartment 2-bedroom  with a lagoon view for sale in the Fifth Settlement, New Cairo, just 10 minutes from Maadi and the American University.",2,2,119 Sq. M.,N/A,"5th Settlement, New Cairo, Cairo","4,450,000"
2025-03-31,Apartment,"For rent, an apartment with immediate delivery, fully finished with air conditioning, first row, on the Hilton Towers",4,3,430 Sq. M.,N/A,"El Maadi, Maadi, Cairo","28,000,000"
2025-03-31,Apartment,"Immediate delivery , Apartment  for sale,, minutes from the American University with 10%down payment",2,2,109 Sq. M.,N/A,"New Cairo, Cairo","2,830,000"
2025-03-31,Apartment,Fully finished apartment +garden in Allegria Sodic,4,4,200 Sq. M.,N/A,"Allegria, Sheikh Zayed, Giza","6,000,000"
2025-03-31,Apartment,Receive your apartment immediately in the best location next to the British University!,4,3,193 Sq. M.,N/A,"Scenario, New Capital City, Cairo","5,623,200"
2025-03-31,Apartment,View your apartment in person at the first sports compound in the New Capital,2,3,124 Sq. M.,N/A,"Scene 7, New Capital City, Cairo","3,943,500"
2025-03-31,Apartment,Inspect your apartment now and receive it within a year in the first sports compound inside the New Administrative Capital.,3,3,179 Sq. M.,N/A,"Scene 7, New Capital City, Cairo","5,692,026"
2025-03-31,Apartment,"In the best location in the New Capital, inspect your apartment in the first sports compound inside R7.",3,3,169 Sq. M.,N/A,"Scene 7, New Capital City, Cairo","5,007,027"
2025-03-31,Apartment,Receive your apartment within months in the first sports compound in the New Administrative Capital.,4,3,200 Sq. M.,N/A,"Scene 7, New Capital City, Cairo","5,925,500"
2025-03-31,Villa,"The lowest price for a standalone in New Cairo, with installments over 10 years.",4,4,300 Sq. M.,0% Down Payment,"Glen, 6th Settlement, New Cairo, Cairo","23,000,000"
2025-03-31,Apartment,"Apartment for sale in Madinaty 116m with furniture and appliances, first floor, upper view, next to services in B12, allocating a non-mandatory club",3,2,116 Sq. M.,N/A,"Madinaty, Cairo","6,200,000"
2025-03-31,Apartment,"With the lowest down payment and total price, an apartment of 165 square meters for sale, to be delivered in 2025, in Jayd, Fifth Settlement, New Ca",3,3,165 Sq. M.,"Down payment: EGP 4,100,000","Jayd Compound, 5th Settlement, New Cairo, Cairo","6,741,785"
2025-03-31,Townhouse,"Villa for sale, townhouse, at a special price, with a down payment of 450,000 in 6th of October, with installments over the longest repayment period.",3,3,224 Sq. M.,"Down payment: EGP 430,000","6th of October, Giza","8,600,000"
2025-03-31,Apartment,Apartment for immediate delivery with the lowest down payment in the heart of the Fifth Settlement,3,2,152 Sq. M.,"Down payment: EGP 483,250","Galleria Moon Valley Compound, 5th Settlement, New Cairo, Cairo","9,665,000"
2025-03-31,Apartment,"Apartment from Al-Ahly Sabbour, with installments over 13 years",2,1,100 Sq. M.,0% Down Payment,"At East, Mostakbal City, Cairo","6,460,000"
2025-03-31,Villa,Standalone villa for sale at a bargain price with a 5% down payment in the Fifth Settlement,5,4,428 Sq. M.,"Down payment: EGP 1,336,650","Azzar Compound, 5th Settlement, New Cairo, Cairo","26,733,000"
2025-03-31,Townhouse,"The lowest price for a townhouse in New Cairo, with installments over 10 years.",4,3,320 Sq. M.,0% Down Payment,"Glen, 6th Settlement, New Cairo, Cairo","16,500,000"
2025-03-31,Apartment,"Apartment for sale in Andalusia, 165 m, Fifth Settlement, immediate delivery, with meter and garage, 12-month installments at a bargain price",3,2,165 Sq. M.,"Down payment: EGP 2,600,000","Al Andalous, 5th Settlement, New Cairo, Cairo","3,600,000"
2025-03-31,Chalet,"Chalet for sale in Amwaj, 5% down payment and installments over the longest period",2,2,96 Sq. M.,"Down payment: EGP 585,000","Amwaj, North Coast, Matruh","11,700,000"
2025-03-31,Twin House,"10 years installments twin House for sale 306m in Azzar Compound, Fifth Settlement, The 5th Settlement, Golden Square and minutes from AUC",6,4,310 Sq. M.,"Down payment: EGP 1,100,000","Azzar Compound, 5th Settlement, New Cairo, Cairo","22,000,000"
2025-03-31,Villa,"Villa in garden, with installments over 13 years for a limited time",3,3,150 Sq. M.,0% Down Payment,"At East, Mostakbal City, Cairo","11,855,000"
2025-03-31,Apartment,"A 3-bedroom apartment for sale in Dejoya, New Administrative Capital, in R8, near the Green River, with installment plans.",3,2,143 Sq. M.,"Down payment: EGP 700,000","Dejoya 4, New Capital City, Cairo","7,000,000"
2025-03-31,Apartment,An immediately available apartment in the best compound in the New Administrative Capital with just a down payment.,3,3,171 Sq. M.,N/A,"Scenario, New Capital City, Cairo","5,011,435"
2025-03-31,Twin House,"Twin House Villa for Sale in Madinaty Model Z, Phase VG1 Villas",4,3,275 Sq. M.,N/A,"Madinaty, Cairo","22,000,000"
2025-03-31,Apartment,Apartment for sale in October at a special price (strategic location) - installments available!!,3,3,180 Sq. M.,"Down payment: EGP 425,000","Hadayek October, Giza","6,375,000"
2025-03-31,Apartment,"Unmissable opportunity! Apartment for sale in October, strategically located, with a special discount on cash payment!! Easy installments are also ava",3,3,140 Sq. M.,"Down payment: EGP 325,000","Hadayek October, Giza","4,875,000"
2025-03-31,Apartment,Fully Finished 152 sqm Apartment for Sale in the Heart of October ‚Äì Monthly Installments Starting from Just 11K!,3,3,152 Sq. M.,"Down payment: EGP 322,500","Badya Palm Hills Compound, 6th of October, Giza","10,750,000"
2025-03-31,Apartment,"Own your fully finished ultra super lux apartment in Southern Lotus ‚Äì just one row behind Clubs Street, a minute from Sodic Square & South 90 Street!",3,2,150 Sq. M.,N/A,"5th Settlement, New Cairo, Cairo","5,100,000"
2025-03-31,Penthouse,**Neo lakes‚Äì Own Your Luxury Home in Prime Mostakbal City!,2,2,158 Sq. M.,N/A,"Neo Gardens, Mostakbal City, Cairo","7,744,800"
2025-03-31,Townhouse,Townhouse corner villa in the heart of the first settlement next to Cairo Airport and Gardenia Heights Direct on the Suez Road with 50% Discount,3,2,160 Sq. M.,N/A,"1st Settlement, New Cairo, Cairo","9,000,000"
2025-03-31,Apartment,Ground floor apartment with a garden next to the Mid Ring Road & Sokhna Road in a prime location on the lake - in the Sixth Settlement from La Vista,3,3,158 Sq. M.,"Down payment: EGP 600,500","6th Settlement, New Cairo, Cairo","12,010,000"
2025-03-31,Chalet,"The last 3-BR penthouse chalet, Ready To Move & fully finished, directly on pool in Blue Blue Ain Sokhna, with a 40% discount",3,2,120 Sq. M.,N/A,"Blue Blue, Ain Sukhna, Suez","5,760,000"
2025-03-31,Townhouse,"For sale, a townhouse with a sea view on El Alamein Towers, immediate delivery + installments up to 10 years in Mazeine",5,4,310 Sq. M.,N/A,"Alamein Towers, North Coast, Matruh","14,000,000"
2025-03-31,Apartment,"Apartment for sale, 160 meters, with installments over 12 years, in Eelaf Residence Compound, New Cairo",3,3,160 Sq. M.,0% Down Payment,"Eelaf Residence Compound, 1st Settlement, New Cairo, Cairo","7,500,000"
2025-03-31,Apartment,üè° Inspect Your Fully Finished & Ready-to-Move Apartment in a Prime Location in the New Capital!,2,2,105 Sq. M.,N/A,"R8, New Capital City, Cairo","3,383,337"
2025-03-31,Chalet,"Chalet for sale 110 m at a special price,Ready to move , fully finished, in Amwaj Village - Sidi Abdel Rahman",2,2,110 Sq. M.,N/A,"Amwaj, North Coast, Matruh","7,150,000"
2025-03-31,Villa,"For sale, a first-row villa on the sea in the most upscale and distinguished village in the heart of New Alamein, with a panoramic view of the Alamein",5,4,300 Sq. M.,"Down payment: EGP 4,800,000","Mazarine, North Coast, Matruh","32,000,000"
2025-03-31,Apartment,Apartment for sale in a compound with all services and installments up to 10 years,3,3,153 Sq. M.,"Down payment: EGP 810,000","5th Settlement, New Cairo, Cairo","16,200,000"
2025-03-31,Apartment,"For sale, an apartment in O West Compound, with a distinctive view inside the compound, at the best price in the compound, from the owner",2,3,124 Sq. M.,"Down payment: EGP 3,220,000","O West Compound, 6th of October, Giza","7,082,000"
2025-03-31,Apartment,**Neo Gardens ‚Äì Own Your Luxury Home in Prime Mostakbal City!,2,2,120 Sq. M.,N/A,"Neo Gardens, Mostakbal City, Cairo","5,978,028"
2025-03-31,Apartment,Apartment 59 sqm Iconic Resort Down payment 20%,1,1,56 Sq. M.,"Down payment: EGP 501,500","Hurghada, Red Sea","2,507,500"
2025-03-31,Penthouse,"Penthouse for sale, 251 sqm + private roof, fully finished, ready for viewing, with a distinctive view, in installments, Swan Lake, New Cairo.",3,3,251 Sq. M.,N/A,"Swan Lake Residences, 1st Settlement, New Cairo, Cairo","12,500,000"
2025-03-31,Apartment,The apartment is on offer with a discount of up to 60% off the total price for just 4 days. The price will increase once the offer ends.,2,2,125 Sq. M.,N/A,"6th of October, Giza","3,480,000"
2025-03-31,Apartment,"An immediate apartment for sale with European materials, directly from the owner. A minimum down payment is required, and installment options are avai",3,3,133 Sq. M.,"Down payment: EGP 1,071,000","Beta Greens, Mostakbal City, Cairo","6,300,000"
2025-03-31,Apartment,Looking for luxury living and a secure investment? Own a unit now in the best R7 project with a prime location and unique design for ultimate comfort!,2,2,127 Sq. M.,N/A,"BOARDWALK, New Capital City, Cairo","2,784,375"
2025-03-31,Apartment,Studio 56 Sqm with private beach in Scandic Resort Arabia,N/A,1,56 Sq. M.,N/A,"Hurghada, Red Sea","2,824,842"
2025-03-31,Villa,"Standalone villa for sale, ready for viewing, with installments over 7 years, Swan Lake, Fifth Settlement.",4,4,389 Sq. M.,N/A,"Swan Lake Residences, 1st Settlement, New Cairo, Cairo","25,000,000"
2025-03-31,Apartment,"Ground floor apartment with a garden in the Golden Square area, the most upscale location in the heart of the Fifth Settlement, with installments over",3,3,157 Sq. M.,"Down payment: EGP 940,000","Galleria Moon Valley Compound, 5th Settlement, New Cairo, Cairo","18,800,000"
2025-03-31,Townhouse,"Corner townhouse for sale with immediate delivery + private pool in installments in El Patio Prime Compound, El Shorouk City",3,3,226 Sq. M.,N/A,"EL Patio Prime, Shorouk City, Cairo","15,250,000"
2025-03-31,Townhouse,"A villa at a very affordable price in the Golden Square, within a fully serviced compound by a reputable developer!!",3,3,215 Sq. M.,"Down payment: EGP 1,730,750","5th Settlement, New Cairo, Cairo","17,307,500"
2025-03-31,Apartment,"""üî• Pukka ‚Äì Prime Location, Ultimate Luxury, Smart Investment! üí∞üè°""",3,2,148 Sq. M.,N/A,"Pukka, New Capital City, Cairo","5,733,000"
2025-03-31,Townhouse,Own Quadro 3 fully finished apartments with immediate delivery at a special price,9,6,960 Sq. M.,N/A,"Al Solaimaneyah Gardens, Sheikh Zayed, Giza","30,000,000"
2025-03-31,Apartment,Loft Proof for sale in the heart of the assembly in Taj City Compound  Surface 115 m + roof 16 m  Prime location directly in front of Cairo Airpor,N/A,1,115 Sq. M.,"Down payment: EGP 938,000","Taj City Compound, 1st Settlement, New Cairo, Cairo","4,663,000"
2025-03-31,Apartment,Pool View Apt 50 Sqm in Panorama Magawish Resort at 20% Down Payment,1,1,50 Sq. M.,"Down payment: EGP 320,000","Hurghada, Red Sea","1,600,000"
