Scraping_Date,Type,Description,Bedrooms,Bathrooms,Area,Down Payment,Price,Location
2025-03-31,Twin House,Twin House For Sale In Newkairo,4,5, 422 sqm,Cash,Ask for price,"New Heliopolis, Cairo"
2025-03-31,Duplex,Duplex 10% DP,1,2, 113 sqm," 580,000 EGP","5,804,000 EGP","MonteNapoleone, Mostakbal City Compounds, Mostakbal City - Future City, Cairo"
2025-03-31,Apartment,Finished Studio for sale in Palm Hills New Cairo,studio,1, 70 sqm,Cash,"5,453,000 EGP","Palm Hills New Cairo, 5th Settlement Compounds, The 5th Settlement, New Cairo City, Cairo"
2025-03-31,Apartment,sky loft for sale in mv club park prime location,3,2, 135 sqm,Cash,"5,500,000 EGP","Mountain View iCity, 5th Settlement Compounds, The 5th Settlement, New Cairo City, Cairo"
2025-03-31,Apartment,↩️ 》3BR with special discount in Palm Hills 《 RTM✅,3,3, 174 sqm,Cash,"14,850,000 EGP","Palm Hills New Cairo, 5th Settlement Compounds, The 5th Settlement, New Cairo City, Cairo"
2025-03-31,Duplex,"Duplex in a prime location, zero-interest plans",4,4, 284 sqm,Cash,"3,900,000 EGP","Al Khamayel city, Sheikh Zayed Compounds, Sheikh Zayed City, Giza"
2025-03-31,Villa,for sale villa m very attrictive price,3,2, 165 sqm,Cash,"8,500,000 EGP","Stella Heights, Al Alamein, North Coast"
2025-03-31,Apartment,Apartment for sale under market price in MVHP,3,2, 161 sqm,Cash,"10,500,000 EGP","Mountain View Hyde Park, 5th Settlement Compounds, The 5th Settlement, New Cairo City, Cairo"
2025-03-31,Twin House,Town House Corner Villa For Sale - City Gate,4,5, 292 sqm,Cash,"32,310,000 EGP","City Gate, 5th Settlement Compounds, The 5th Settlement, New Cairo City, Cairo"
2025-03-31,Chalet,chalet for sale in stella very attrective price,2,2, 120 sqm,Cash,"4,000,000 EGP","Stella Heights, Al Alamein, North Coast"
2025-03-31,Apartment,"Duplex with Large Garden in Zayed, Ready to Move",4,4, 272 sqm,Cash,"4,000,000 EGP","Abha, 6 October Compounds, 6 October City, Giza"
2025-03-31,Apartment,4BR Apt. in luxury compound - 9 yrs Plan,4,4, 192 sqm,Cash,"5,500,000 EGP","New Giza, Cairo Alexandria Desert Road, 6 October City, Giza"
2025-03-31,Townhouse,Town House Villa For Sale - City Gate,4,5, 254 sqm,Cash,"25,378,800 EGP","City Gate, 5th Settlement Compounds, The 5th Settlement, New Cairo City, Cairo"
2025-03-31,Apartment,ready to move over 12 years sea view fully finish,3,2, 217 sqm,Cash,"4,950,000 EGP","The Gate Towers, New Alamein City, Al Alamein, North Coast"
2025-03-31,iVilla,I Villa Roof for sale in Mountain View Hyde Park,3,3, 234 sqm,Cash,"13,500,000 EGP","Mountain View Hyde Park, 5th Settlement Compounds, The 5th Settlement, New Cairo City, Cairo"
2025-03-31,Apartment,Apartment with Garden for Sale Aeon Towers Marakez,2,3, 170 sqm,Cash,"13,000,000 EGP","Aeon, 6 October Compounds, 6 October City, Giza"
2025-03-31,Apartment,Ready to move Apt. from Ora at a special price,2,3, 180 sqm,Cash,"7,500,000 EGP","New Giza, Cairo Alexandria Desert Road, 6 October City, Giza"
2025-03-31,Chalet,Chalet with immediate receipt  sea view Super lux,3,2, 140 sqm,Cash,"3,900,000 EGP","La Vista 6, La Vista, Al Ain Al Sokhna, Suez"
2025-03-31,Apartment,Finished Apartment -O West- Ready to move 3.5M DP.,3,3, 181 sqm,Cash,"6,000,000 EGP","O West, 6 October Compounds, 6 October City, Giza"
2025-03-31,Villa,Standalone Villa for Sale - City Gate,6,7, 363 sqm,Cash,"69,358,000 EGP","City Gate, 5th Settlement Compounds, The 5th Settlement, New Cairo City, Cairo"
2025-03-31,Apartment,Apartment for Sale prime location116m,2,2, 116 sqm,Cash,"7,000,000 EGP","Mountain View Hyde Park, 5th Settlement Compounds, The 5th Settlement, New Cairo City, Cairo"
2025-03-31,Apartment,Under Market price Apartment For Sale in Mountain ,3,3, 170 sqm,Cash,"5,650,000 EGP","Mountain View iCity, 5th Settlement Compounds, The 5th Settlement, New Cairo City, Cairo"
2025-03-31,Apartment,4Bed Finished Apt. Ready to move in Zayed -DP 3.3M,4,3, 195 sqm,Cash,"3,300,000 EGP","Namya West, Sheikh Zayed City, Giza"
2025-03-31,Twin House,Twin House villa for Sale - City Gate,4,5, 269 sqm,Cash,"37,612,000 EGP","City Gate, 5th Settlement Compounds, The 5th Settlement, New Cairo City, Cairo"
2025-03-31,Apartment,Ready to move Finished Apt. Near Mall of Arabia,3,2, 130 sqm,Cash,"3,200,000 EGP","Kayan, Sheikh Zayed Compounds, Sheikh Zayed City, Giza"
2025-03-31,Apartment,ready to move over 12 year fully finished sea view,3,2, 175 sqm,Cash,"5,000,000 EGP","Latin District, New Alamein City, Al Alamein, North Coast"
2025-03-31,Apartment,Ground Apartment in Zayed near Beverly Hills 10Yrs,3,4, 186 sqm,Cash,"3,000,000 EGP","Zayed Dunes, 6th District, Sheikh Zayed City, Giza"
2025-03-31,Apartment,Own your apartment directly from developer in R8,3,2, 175 sqm," 799,995 EGP","7,999,950 EGP","La Verde, New Capital Compounds, New Capital City, Cairo"
2025-03-31,Twin House,Twin House For Sale In Newkairo,4,5, 422 sqm,Cash,Ask for price,"New Heliopolis, Cairo"
2025-03-31,Apartment,3Bed Apt. 560K + DP. 88K monthly installment,3,3, 160 sqm,Cash,"3,500,000 EGP","West Leaves, 1st District, 6 October City, Giza"
2025-03-31,Apartment,ready to move apt fully finished 50% discount,3,2, 167 sqm,Cash,"5,700,000 EGP","Rock Eden, Hadayek October, 6 October City, Giza"
2025-03-31,Apartment,Apartment Fully Finished Delivery 2025 At SLR,2,2, 113 sqm,Cash,"10,500,000 EGP","Swan Lake Residence, 5th Settlement Compounds, The 5th Settlement, New Cairo City, Cairo"
2025-03-31,Apartment,0%dp installment 12y apt in clubviews near madinty,3,3, 170 sqm,Cash,"10,570,000 EGP","Sarai, Mostakbal City Compounds, Mostakbal City - Future City, Cairo"
2025-03-31,Apartment,Resale apartment ready to move MV iCity new cairo,3,3, 175 sqm,Cash,"6,800,000 EGP","Mountain View iCity, 5th Settlement Compounds, The 5th Settlement, New Cairo City, Cairo"
2025-03-31,Apartment,Panoramic apartment in City Edge Towers sea view,2,2, 184 sqm,Cash,"22,750,000 EGP","North Edge Towers, New Alamein City, Al Alamein, North Coast"
2025-03-31,Duplex,Own now Duplex 4R in Taj City |8Y INST.|Prime View,4,4, 208 sqm," 815,000 EGP","16,300,000 EGP","Taj City, 5th Settlement Compounds, The 5th Settlement, New Cairo City, Cairo"
2025-03-31,Chalet,DIRECT TO POOL Marassi 67 m Furnished Lowest Price,1,1, 67 sqm,Cash,"10,200,000 EGP","Marassi, Sidi Abdel Rahman, North Coast"
2025-03-31,Townhouse,"Villa in prime location, lowest price, 12-Yrs plan",3,3, 190 sqm," 814,200 EGP","9,200,460 EGP","Badya Palm Hills, 6 October Compounds, 6 October City, Giza"
2025-03-31,Townhouse,Disc 3.6milion villa installment p to 12y on lakes,5,5, 230 sqm," 1,500,000 EGP","17,800,000 EGP","Sarai, Mostakbal City Compounds, Mostakbal City - Future City, Cairo"
2025-03-31,Apartment,"Apartment for sale,1 bed, very special location",1,1, 69 sqm," 510,000 EGP","5,100,000 EGP","MonteNapoleone, Mostakbal City Compounds, Mostakbal City - Future City, Cairo"
2025-03-31,Apartment,Fully finished 3-bedrooms apartment ready to move,3,2, 178 sqm,Cash,"5,300,000 EGP","One Kattameya, El Katameya Compounds, El Katameya, New Cairo City, Cairo"
2025-03-31,Villa,RTM Villa F.Finished 682m | Prime Location | CFC,6,6, 682 sqm,Cash,"80,000,000 EGP","Cairo Festival City, North Investors Area, New Cairo City, Cairo"
2025-03-31,iVilla,RESALE IVILLA+garden 80m Direct on LAGOON\MV-ICITY,4,4, 255 sqm,Cash,"14,850,000 EGP","Mountain View iCity, 5th Settlement Compounds, The 5th Settlement, New Cairo City, Cairo"
2025-03-31,Apartment,OWN Apartment with 5Y INST. \ Landscape View,2,2, 110 sqm," 836,000 EGP","4,180,000 EGP","The Icon Residence, 5th Settlement Compounds, The 5th Settlement, New Cairo City, Cairo"
2025-03-31,Apartment,Premium Studio for sale in The Village,1,1, 88 sqm,Cash,"5,500,000 EGP","The Village, South Investors Area, New Cairo City, Cairo"
2025-03-31,Apartment,Special price Apartment with Garden/Ready To Move,3,2, 169 sqm,Cash,"8,700,000 EGP","El Patio Oro, 5th Settlement Compounds, The 5th Settlement, New Cairo City, Cairo"
2025-03-31,Chalet,Fully finished chalet for sale in Ain Sokhna,1,1, 65 sqm,Cash,"3,530,000 EGP","G-Bay, Al Ain Al Sokhna, Suez"
2025-03-31,Villa,Makadi Orcsom Villa 4BR / Finished /Installment 5y,4,4, 164 sqm," 2,500,000 EGP","25,000,000 EGP","Mangroovy Residence, Al Gouna, Hurghada, Red Sea"
2025-03-31,Penthouse,"At a special price, a chalet with a sea view in mv",2,2, 92 sqm," 540,000 EGP","6,547,752 EGP","Skala Mountain View Ras El Hikma, North Coast Resorts, North Coast"
2025-03-31,Villa,Villa at Price of Apartment Finished In Mostakbal,3,3, 200 sqm," 1,282,500 EGP","14,250,000 EGP","MonteNapoleone, Mostakbal City Compounds, Mostakbal City - Future City, Cairo"
2025-03-31,Chalet,Hot Deal Marassi Marina Furnished Prime Location,1,1, 75 sqm,Cash,"12,500,000 EGP","Marassi, Sidi Abdel Rahman, North Coast"
2025-03-31,Villa,villa 3 BR / finished / plot 400m / installment 7y,3,3, 158 sqm," 1,880,000 EGP","18,800,000 EGP","Mesca, Soma Bay, Safaga, Hurghada, Red Sea"
2025-03-31,Apartment,Bay 290K Own Apartment with installment on 10years,1,1, 90 sqm,Cash,"5,800,000 EGP","The Crest, 5th Settlement Compounds, The 5th Settlement, New Cairo City, Cairo"
2025-03-31,Townhouse,RTM Townhouse DP 10%-INST 12Y-Landscape+Water View,3,5, 245 sqm," 2,100,000 EGP","21,000,000 EGP","R5, New Capital City, Cairo"
2025-03-31,Apartment,Immediate Apartment FullyFinished - Landscape View,3,2, 151 sqm," 468,000 EGP","4,680,000 EGP","Al Maqsad, New Capital Compounds, New Capital City, Cairo"
2025-03-31,Apartment,"Duplex in Zayed, near Ahly, 0% down, 10-year plan.",4,4, 270 sqm,Cash,"4,990,000 EGP","Ivoire, Sheikh Zayed City, Giza"
2025-03-31,Villa,Own Resale RTM  | Villa 7 Bedrooms | Land 645 Sqm,7,7, 500 sqm,Cash,"30,000,000 EGP","Palm Hills   Palm Valley, 26th of July Corridor, 6 October City, Giza"
2025-03-31,Townhouse,RTM - FF Townhouse -PRIME location in R5 -INST 12Y,3,6, 310 sqm," 2,900,000 EGP","29,000,000 EGP","R5, New Capital City, Cairo"
2025-03-31,Villa,UNIQUEe Villa ready for live in Zahya New Mansoura,5,4, 360 sqm,Cash,"6,300,000 EGP","Zahya New Mansoura, New Mansoura, Al Daqahlya"
2025-03-31,Villa,Resale Villa Landscapeview Prime Location Bellagio,5,4, 510 sqm,Cash,"43,000,000 EGP","Bellagio, Ext North Inves Area, New Cairo City, Cairo"
2025-03-31,Villa,Own Resale Villa | 4 Bedrooms | بحرى| Market Price,4,4, 313 sqm,Cash,"26,000,000 EGP","Palm Hills Golf Extension, Al Wahat Road, 6 October City, Giza"
2025-03-31,Chalet,Chalet Finished ACs/ Sand Pools view / Installment,1,1, 64 sqm," 2,100,000 EGP","14,000,000 EGP","Kamaran, Al Gouna, Hurghada, Red Sea"
2025-03-31,Apartment,"finished Apartment for sale, RTM  in Al Marasem",4,3, 205 sqm,Cash,"6,500,000 EGP","Moon Residences, Fifth Square, The 5th Settlement, New Cairo City, Cairo"
2025-03-31,Apartment,Own in Zed East F.F+Ac`s Apartment Landscape View,3,3, 200 sqm," 3,900,000 EGP","17,700,000 EGP","Zed East, 5th Settlement Compounds, The 5th Settlement, New Cairo City, Cairo"
2025-03-31,Chalet,Chalet Fully Finished /Prime Location/ Installment,1,1, 72 sqm," 690,000 EGP","6,900,000 EGP","Mesca, Soma Bay, Safaga, Hurghada, Red Sea"
2025-03-31,Apartment,Pay 680k own apt 3-bed installment 12y near Auc,3,3, 160 sqm," 680,000 EGP","6,800,000 EGP","The Icon Residence, 5th Settlement Compounds, The 5th Settlement, New Cairo City, Cairo"
2025-03-31,Twin House,Resale Twin House | Land 465 | 5 Bedrooms | بحرى,5,5, 450 sqm,Cash,"22,500,000 EGP","Palmet, 26th of July Corridor, 6 October City, Giza"
2025-03-31,Apartment,RTM APT Panorama Sea View | F.F+ AC`s | North EDGE,3,3, 181 sqm,Cash,"22,000,000 EGP","North Edge Towers, New Alamein City, Al Alamein, North Coast"
2025-03-31,Twin House,HOT DEAL MVHP Twin House Delivered Prime Location,4,5, 375 sqm,Cash,"25,000,000 EGP","Mountain View Hyde Park, 5th Settlement Compounds, The 5th Settlement, New Cairo City, Cairo"
2025-03-31,Apartment,Finished Ground Apartment By MV over 12y Lowest DP,3,4, 155 sqm,Cash,"2,500,000 EGP","Mountain View iCity October, 6 October Compounds, 6 October City, Giza"
2025-03-31,Apartment,Chalet 2BR Garden View / Finished /Installment 8y,2,2, 112 sqm," 1,230,000 EGP","8,200,000 EGP","Veranda, Sahl Hasheesh, Hurghada, Red Sea"
2025-03-31,Twin House,Twin House for sale in Uptown Cairo Eleva,4,3, 280 sqm,Cash,"29,500,000 EGP","Eleva, Uptown Cairo, Mokattam, Cairo"
2025-03-31,Apartment,APT 160 m Ready To Move New Cairo Fifth Settlement,3,2, 165 sqm," 1,500,000 EGP","5,000,000 EGP","Al Ashrafiya, North Investors Area, New Cairo City, Cairo"
2025-03-31,Villa,RTM Villa| Basement |Wide View | Centered Location,7,7, 750 sqm,Cash,"38,000,000 EGP","Palm Hills Golf Extension, Al Wahat Road, 6 October City, Giza"
2025-03-31,Apartment,APT 3Rooms Prime View| F.Furnished+Ac`s |HYDE PARK,3,3, 192 sqm,Cash,"16,000,000 EGP","Hyde Park, 5th Settlement Compounds, The 5th Settlement, New Cairo City, Cairo"
2025-03-31,Chalet,Ground Chalet with Garden Swan Lake LAGOON FRONT  ,4,4, 210 sqm,Cash,"13,000,000 EGP","Swan Lake, Qesm Ad Dabaah, North Coast"
2025-03-31,Villa,Resale Finished Villa | Mini Golf | Kitchen - Acs,4,4, 350 sqm,Cash,"32,000,000 EGP","Al  Rabwa, Sheikh Zayed Compounds, Sheikh Zayed City, Giza"
2025-03-31,Apartment,dis 50% own apt next to airport 120m,2,2, 120 sqm,Cash,"4,200,000 EGP","Taj City, 5th Settlement Compounds, The 5th Settlement, New Cairo City, Cairo"
2025-03-31,Duplex,Buy 1 get 1 for free-FF Duplex-Mostakbal City,1,1, 120 sqm," 1,855,350 EGP","6,184,500 EGP","MonteNapoleone, Mostakbal City Compounds, Mostakbal City - Future City, Cairo"
2025-03-31,Villa,V Apartment w 10 yrs install next to Beverly hills,3,3, 190 sqm," 550,000 EGP","11,000,000 EGP","V Levels, Sheikh Zayed Compounds, Sheikh Zayed City, Giza"
2025-03-31,Apartment,Chalet 2BR/Fully Finished /DP 10% / Installment 7y,2,2, 105 sqm," 960,000 EGP","9,600,000 EGP","Bay West, Soma Bay, Safaga, Hurghada, Red Sea"
2025-03-31,Villa,Spacious Villa at a Hot Price Ready to Move In,5,4, 380 sqm,Cash,"8,000,000 EGP","Le Jardin, 6 October Compounds, 6 October City, Giza"
2025-03-31,Townhouse,HOT DEAL MVHP Townhouse Delivered Prime Location,3,3, 274 sqm,Cash,"21,750,000 EGP","Mountain View Hyde Park, 5th Settlement Compounds, The 5th Settlement, New Cairo City, Cairo"
2025-03-31,Apartment,Premium apartment for sale in the Lotus district,3,3, 200 sqm,Cash,"5,000,000 EGP","North Lotus, El Lotus, New Cairo City, Cairo"
2025-03-31,Villa,HOT DEAL Marassi Villa 600 m Furnished + Pool,5,4, 500 sqm,Cash,"70,000,000 EGP","Marassi, Sidi Abdel Rahman, North Coast"
2025-03-31,Villa,Standalone villa for sale RTM in The Estates Sodic,5,5, 308 sqm,Cash,"25,000,000 EGP","The Estates, Sheikh Zayed Compounds, Sheikh Zayed City, Giza"
2025-03-31,Apartment,dp200k ready to move f.f installment u to 10y,3,3, 134 sqm," 200,000 EGP","4,000,000 EGP","Al Maqsad, New Capital Compounds, New Capital City, Cairo"
2025-03-31,Apartment,ready to deliver 25% only apt f.f+ac installment 8,3,3, 150 sqm,Cash,"3,850,000 EGP","Moon Residences, Fifth Square, The 5th Settlement, New Cairo City, Cairo"
2025-03-31,Chalet,Chalet upper floor with roof great price Swanlake ,3,3, 210 sqm,Cash,"11,200,000 EGP","Swan Lake, Qesm Ad Dabaah, North Coast"
2025-03-31,Villa,RTM F.F Villa 680m in Dyar - Center of New Cairo,5,5, 680 sqm," 4,000,000 EGP","45,000,000 EGP","Dyar Compound, 90 Street, The 5th Settlement, New Cairo City, Cairo"
2025-03-31,Apartment,Own Now F.F APT Prime View with facilities 10Years,3,2, 123 sqm," 370,000 EGP","3,700,000 EGP","Al Maqsad, New Capital Compounds, New Capital City, Cairo"
2025-03-31,Apartment,RTM at mv apt 3rooms inst 8y,3,3, 125 sqm,Cash,"2,500,000 EGP","Mountain View iCity, 5th Settlement Compounds, The 5th Settlement, New Cairo City, Cairo"
2025-03-31,Apartment,"Apartment for sale, ready to move in gallaria",2,3, 130 sqm,Cash,"4,000,000 EGP","Galleria Moon Valley, South Investors Area, New Cairo City, Cairo"
2025-03-31,Penthouse,Penthouse with landscape view - RTM-PRime location,3,4, 220 sqm," 3,800,000 EGP","10,800,000 EGP","Stone Residence, 5th Settlement Compounds, The 5th Settlement, New Cairo City, Cairo"
2025-03-31,Penthouse,Chalet panoramic sea for sale in Telal North Coast,3,3, 161 sqm,Cash,"1,600,000 EGP","Telal Alamein, Sidi Abdel Rahman, North Coast"
2025-03-31,Duplex,Magestic view finished Duplex with 0% Downpayment ,3,3, 130 sqm,Cash,"11,000,000 EGP","Makadi Orascom Resort, Makadi, Hurghada, Red Sea"
2025-03-31,Villa,Own Resale RTM Villa | 7 Bedrooms | North-Oriented,7,7, 500 sqm,Cash,"33,000,000 EGP","Palm Hills   Palm Valley, 26th of July Corridor, 6 October City, Giza"
2025-03-31,Chalet,Chalet Fully Finished ACs/2BR /Installment 5 years,2,2, 91 sqm," 2,700,000 EGP","18,000,000 EGP","Mangroovy Residence, Al Gouna, Hurghada, Red Sea"
2025-03-31,Chalet,"Chalet with garden for sale, ready to move mazarin",3,2, 230 sqm,Cash,"5,000,000 EGP","Mazarine, New Alamein City, Al Alamein, North Coast"
2025-03-31,Apartment,own an apt next to mv fully finished,3,3, 140 sqm,Cash,"3,000,000 EGP","The Address East, 90 Street, The 5th Settlement, New Cairo City, Cairo"
2025-03-31,Apartment,Apartment fully finished sale Eastown prime view,3,4, 220 sqm,Cash,"17,500,000 EGP","Eastown, 5th Settlement Compounds, The 5th Settlement, New Cairo City, Cairo"
2025-03-31,Apartment,Immediate Apartment FullyFinished - Landscape View,3,2, 151 sqm," 468,000 EGP","4,680,000 EGP","Al Maqsad, New Capital Compounds, New Capital City, Cairo"
2025-03-31,Villa,Unique spacious stand alone Villa prime location,6,6, 750 sqm,Cash,"28,000,000 EGP","Teba, 5th Settlement Compounds, The 5th Settlement, New Cairo City, Cairo"
2025-03-31,Chalet,LOWEST PRICE Fouka 125 m Finished Direct Lagoon,3,2, 125 sqm,Cash,"9,500,000 EGP","Fouka Bay, Qesm Marsa Matrouh, North Coast"
2025-03-31,Chalet,HOT DEAL Marassi 67 m Fully Finished Sea View,1,1, 67 sqm,Cash,"10,500,000 EGP","Marassi, Sidi Abdel Rahman, North Coast"
2025-03-31,Apartment,Ground Apartment+Large Gargen Finished in Zayed,4,3, 206 sqm,Cash,"3,886,000 EGP","Namya West, Sheikh Zayed City, Giza"
2025-03-31,Apartment,Chalet 2BR Fully Finished /Lagoon View/Installment,2,2, 91 sqm," 2,715,000 EGP","18,100,000 EGP","Mangroovy Residence, Al Gouna, Hurghada, Red Sea"
2025-03-31,Apartment,GARDEN Apartment with Down Payment 10% next to AUC,2,1, 102 sqm,Cash,"6,747,000 EGP","Palm East, South Investors Area, New Cairo City, Cairo"
2025-03-31,Chalet,Fully Finished Chalet in Lyv   with Sea View,2,1, 85 sqm," 445,044 EGP","6,675,669 EGP","LYV, Ras Al Hekma, North Coast"
2025-03-31,Chalet,FF Chalet LAGOON View Under Market Price 2 Million,2,2, 115 sqm," 1,800,000 EGP","7,834,350 EGP","Shamasy, Sidi Abdel Rahman, North Coast"
2025-03-31,Apartment,Apartment Direct on Suez Rd Landscape View-Over 6Y,3,2, 133 sqm," 2,520,000 EGP","6,300,000 EGP","Taj City, 5th Settlement Compounds, The 5th Settlement, New Cairo City, Cairo"
2025-03-31,Villa,Villa for sale first row finished ready to move,5,4, 322 sqm," 3,880,000 EGP","38,800,000 EGP","Boho, Al Ain Al Sokhna, Suez"
2025-03-31,Apartment,Fancy finished apartment + Garden in Beverly Hills,3,3, 183 sqm,Cash,"3,850,000 EGP","Six West, Beverly Hills, Sheikh Zayed Compounds, Sheikh Zayed City, Giza"
2025-03-31,Twin House,Twin House with installment 10Y NEXT TO HYDE PARK,5,5, 211 sqm,Cash,"21,101,500 EGP","Ever, 5th Settlement Compounds, The 5th Settlement, New Cairo City, Cairo"
2025-03-31,Duplex,Immediate Duplex with garden F.F+Ac`s | Eastown,3,3, 240 sqm,Cash,"20,000,000 EGP","Eastown, 5th Settlement Compounds, The 5th Settlement, New Cairo City, Cairo"
2025-03-31,Townhouse,Townhouse ready to move with sea view in zahia,5,4, 392 sqm,Cash,"7,500,000 EGP","Zahya New Mansoura, New Mansoura, Al Daqahlya"
2025-03-31,Townhouse,Prime location Town house Green Valley Over 6years,3,3, 181 sqm,Cash,"6,000,000 EGP","O West, 6 October Compounds, 6 October City, Giza"
2025-03-31,Apartment,immediately receive dp 25% at new cairo inst 5y,2,2, 130 sqm,Cash,"3,750,000 EGP","District 5, 5th Settlement Compounds, The 5th Settlement, New Cairo City, Cairo"
2025-03-31,Apartment,Apartment 2BR + Garden 20m /Overlooking landscape,2,2, 120 sqm,Cash,"7,200,000 EGP","El Patio Oro, 5th Settlement Compounds, The 5th Settlement, New Cairo City, Cairo"
2025-03-31,Apartment,ready to move apt at marrasem FF inst 6y,1,1, 115 sqm,Cash,"3,500,000 EGP","Moon Residences, Fifth Square, The 5th Settlement, New Cairo City, Cairo"
2025-03-31,Twin House,Twin house iconic tower view Over 8Y Delivery Soon,4,5, 365 sqm," 2,900,000 EGP","29,700,000 EGP","IL Bosco, New Capital Compounds, New Capital City, Cairo"
2025-03-31,Villa,OWN Villa -Garden view-INST 6Y-Immediate Delivery,4,4, 211 sqm," 12,000,000 EGP","26,900,000 EGP","Madinaty, Cairo"
2025-03-31,Apartment,Fully finished apartment with ACS at swan lake,3,3, 155 sqm,Cash,"5,000,000 EGP","Swan Lake, The 1st Settlement, New Cairo City, Cairo"
2025-03-31,Apartment,"APT for sale in the Fifth Settlement a 325,000 D P",2,2, 130 sqm," 325,000 EGP","6,500,000 EGP","Azzar 2, 5th Settlement Compounds, The 5th Settlement, New Cairo City, Cairo"
2025-03-31,Twin House,RTM F.Finished Twin House Land530M in Sheikh Zayed,5,4, 300 sqm,Cash,"19,000,000 EGP","Hadayek Al Mohandessin, 4th District, Sheikh Zayed City, Giza"
2025-03-31,Chalet,"Fully Finished Chalet in Lyv, 8-Yrs plan,Pool View",3,3, 120 sqm,Cash,"2,980,007 EGP","Hacienda West, Ras Al Hekma, North Coast"
2025-03-31,Apartment,"ReadyToMove Finished Chalet, Sea View, Installment",2,2, 145 sqm," 302,500 EGP","6,050,000 EGP","Latin District, New Alamein City, Al Alamein, North Coast"
2025-03-31,Villa,RSALE Villa 5BR+Roof+Garden-Special Price in Sarai,4,3, 235 sqm," 9,000,000 EGP","19,632,882 EGP","Sarai, Mostakbal City Compounds, Mostakbal City - Future City, Cairo"
2025-03-31,Villa,Ready to move Villa in Sheikh Zayed near Ahly Club,5,5, 400 sqm,Cash,"3,550,000 EGP","Al  Rabwa, Sheikh Zayed Compounds, Sheikh Zayed City, Giza"
2025-03-31,Villa,Disc 3.6milion villa installment p to 12y on lakes,5,5, 230 sqm," 1,500,000 EGP","17,800,000 EGP","Sarai, Mostakbal City Compounds, Mostakbal City - Future City, Cairo"
2025-03-31,Villa,RTM Villa 600m | 1st Row On Golf | Katameya Dunes,6,6, 600 sqm,Cash,"130,000,000 EGP","Katameya Dunes, El Katameya Compounds, El Katameya, New Cairo City, Cairo"
2025-03-31,Apartment,تعالي عاين شقتك المتشطبة بحري علي لاجونز بالتقسيط,3,2, 127 sqm,Cash,"6,499,000 EGP","Sun Capital, Fayoum Desert road, 6 October City, Giza"
2025-03-31,Apartment,Resale APT 181M UNDER MARKET PRICE -Prime Location,3,3, 181 sqm," 5,100,000 EGP","19,960,000 EGP","Lake View Residence 2, 5th Settlement Compounds, The 5th Settlement, New Cairo City, Cairo"
2025-03-31,Chalet,chalet ready to move sea view lavista 6 ain sokhna,3,2, 150 sqm,Cash,"10,500,000 EGP","La Vista 6, La Vista, Al Ain Al Sokhna, Suez"
2025-03-31,Apartment,APT Prime View | INST.Over 8Y | IVilla Building,2,2, 120 sqm," 1,474,342 EGP","6,063,209 EGP","Aliva, Mostakbal City Compounds, Mostakbal City - Future City, Cairo"
2025-03-31,Villa,Villa Finished Ready to move Installment in Zayed,5,5, 603 sqm,Cash,"11,330,000 EGP","Atrio, Sheikh Zayed Compounds, Sheikh Zayed City, Giza"
2025-03-31,Twin House,Resale Twin House | Zone C | 4 bedrooms | Corner,4,4, 260 sqm,Cash,"22,500,000 EGP","Palm Hills Golf Extension, Al Wahat Road, 6 October City, Giza"
2025-03-31,Apartment,own apt with dp  20% at golden square inst 4y,2,2, 130 sqm,Cash,"3,000,000 EGP","El Patio Oro, 5th Settlement Compounds, The 5th Settlement, New Cairo City, Cairo"
2025-03-31,Apartment,Garden Duplex in Zayed near Ahly Club 0% DP/10y,3,4, 270 sqm,Cash,"3,200,000 EGP","Ivoire, Sheikh Zayed City, Giza"
2025-03-31,Hotel Apartment,service apartment for sale panorama seaview Alamin,3,3, 217 sqm,Cash,Ask for price,"North Edge Towers, New Alamein City, Al Alamein, North Coast"
2025-03-31,Villa,Own Villa Prime View | Lowest Price in Hyde Park,4,4, 271 sqm,Cash,"27,000,000 EGP","Hyde Park, 5th Settlement Compounds, The 5th Settlement, New Cairo City, Cairo"
2025-03-31,Apartment,Apartment with garden ready for housing finished,2,2, 121 sqm,Cash,"4,000,000 EGP","The Address East, 90 Street, The 5th Settlement, New Cairo City, Cairo"
2025-03-31,Townhouse,Finished Townhouse corner Sea view with Facilities,4,4, 185 sqm," 5,404,389 EGP","18,617,363 EGP","LVLS By Mountain View, Qesm Ad Dabaah, North Coast"
2025-03-31,Apartment,Own Finished Apartment - DP 242K-5mins to AUC,2,1, 105 sqm,Cash,"4,849,000 EGP","Noll, 5th Settlement Compounds, The 5th Settlement, New Cairo City, Cairo"
2025-03-31,Apartment,RESALE F.F Apartment 3BR-ability for Furniture-RTM,3,2, 131 sqm,Cash,"7,500,000 EGP","El Rehab Extension, Al Rehab, New Cairo City, Cairo"
2025-03-31,Twin House,HOT DEAL Mivida Twin house 340 m Prime Location,3,4, 330 sqm,Cash,"41,000,000 EGP","Mivida, 5th Settlement Compounds, The 5th Settlement, New Cairo City, Cairo"
2025-03-31,Villa,without dp own villa at new cairo inst till 10y,3,3, 205 sqm,Cash,"6,000,000 EGP","Stone Park, 5th Settlement Compounds, The 5th Settlement, New Cairo City, Cairo"
2025-03-31,Apartment,Apartment Over 7Y | MV ICITY | 3 Months Delivery,3,3, 155 sqm," 1,230,000 EGP","12,300,000 EGP","Mountain View iCity, 5th Settlement Compounds, The 5th Settlement, New Cairo City, Cairo"
2025-03-31,Townhouse,Townhouse with water features view |10 yrs install,4,4, 230 sqm," 825,000 EGP","16,500,000 EGP","V Levels, Sheikh Zayed Compounds, Sheikh Zayed City, Giza"
2025-03-31,Apartment,OWN Apartment for sale in Patio La Vista New Cairo,3,2, 140 sqm," 1,500,000 EGP","10,500,000 EGP","El Patio 7, 5th Settlement Compounds, The 5th Settlement, New Cairo City, Cairo"
2025-03-31,Villa,Resale Finished Villa| Basement | First Use | Poo,7,7, 770 sqm,Cash,"56,000,000 EGP","Palm Hills Golf Extension, Al Wahat Road, 6 October City, Giza"
2025-03-31,Apartment,Fully finished Apartment For sale Delivered,2,1, 128 sqm,Cash,"5,100,000 EGP","Sarai, Mostakbal City Compounds, Mostakbal City - Future City, Cairo"
2025-03-31,Apartment,Finished Apartment +ACs- Open View - Special Price,2,2, 156 sqm,Cash,"15,500,000 EGP","Mivida, 5th Settlement Compounds, The 5th Settlement, New Cairo City, Cairo"
2025-03-31,Apartment,Fully finished Apartment near New Giza up to 12 y,3,3, 154 sqm,Cash,"8,900,000 EGP","Garden Lakes, 6 October Compounds, 6 October City, Giza"
2025-03-31,Apartment,شقة غرفتين 125م | لوكشن مميز بماونتن توب | ريسيل,2,2, 125 sqm,Cash,"3,000,000 EGP","Mountain View iCity October, 6 October Compounds, 6 October City, Giza"
2025-03-31,Villa,Villa Ready To Move in Hyde Park Fifth Settlement,5,4, 370 sqm,Cash,"15,000,000 EGP","Hyde Park, 5th Settlement Compounds, The 5th Settlement, New Cairo City, Cairo"
2025-03-31,Apartment,APT ReadyTo Move Fully Finished 0% dp  New Capital,2,2, 125 sqm,Cash,"4,000,000 EGP","Oia, New Capital Compounds, New Capital City, Cairo"
2025-03-31,Apartment,with 250k DP. &amp; 45k monthly Apartment in zayed,3,2, 128 sqm,Cash,"250,000 EGP","Ivoire, Sheikh Zayed City, Giza"
2025-03-31,Townhouse,Townhouse Middle for sale at LVLS Mountain View,3,3, 180 sqm," 7,560,971 EGP","19,383,403 EGP","LVLS By Mountain View, Qesm Ad Dabaah, North Coast"
2025-03-31,Chalet,Chalet on the sea _ 5% down payment- installmint 8,2,2, 89 sqm," 475,000 EGP","9,500,000 EGP","Cali Coast, Ras Al Hekma, North Coast"
2025-03-31,Apartment,Apartment for sale Ready to Move fully finished,3,2, 171 sqm," 3,630,000 EGP","9,065,000 EGP","The Address East, 90 Street, The 5th Settlement, New Cairo City, Cairo"
2025-03-31,Apartment,"APT for sale in the Fifth Settlement a 400,000 D P",3,3, 180 sqm," 400,000 EGP","8,000,000 EGP","Azzar 2, 5th Settlement Compounds, The 5th Settlement, New Cairo City, Cairo"
2025-03-31,Chalet,Sea View chalet for sale in blue blue ain sokhna,2,1, 100 sqm,Cash,"5,300,000 EGP","Blue Blue, Al Ain Al Sokhna, Suez"
2025-03-31,Apartment,Prime Apartment in 6-October Installment 9 Years,2,1, 100 sqm," 450,000 EGP","2,380,000 EGP","Ashgar City, Al Wahat Road, 6 October City, Giza"
2025-03-31,Villa,Classic Villa rtm for sale in La Vista New Cairo .,4,4, 240 sqm,Cash,Ask for price,"La Vista City, New Capital Compounds, New Capital City, Cairo"
2025-03-31,Apartment,Furnished apartment for sale in Sarayat El Maadi,3,3, 240 sqm,Cash,"8,500,000 EGP","Sarayat Al Maadi, Hay El Maadi, Cairo"
2025-03-31,Duplex,Duplex with garden finished RTM on South 90th ST.,3,3, 211 sqm,Cash,"16,600,000 EGP","Amorada, 5th Settlement Compounds, The 5th Settlement, New Cairo City, Cairo"
2025-03-31,iVilla,I Villa With Garden FULLY FINISHED READY TO MOVE,3,3, 355 sqm,Cash,"23,500,000 EGP","Trio Gardens, 5th Settlement Compounds, The 5th Settlement, New Cairo City, Cairo"
2025-03-31,Apartment,Duplex with private entrance - next to New giza -,4,6, 280 sqm,Cash,Ask for price,"Pyramids Heights, Cairo Alexandria Desert Road, 6 October City, Giza"
2025-03-31,Duplex,Duplex roof for sale at Silver Sands - ORA,4,4, 175 sqm," 7,000,000 EGP","16,400,000 EGP","Silver Sands, Qesm Marsa Matrouh, North Coast"
2025-03-31,Apartment,Apartment for Sale in Valore Sheraton Compound,2,2, 120 sqm," 800,000 EGP","8,000,000 EGP","Valory, 5th Settlement Compounds, The 5th Settlement, New Cairo City, Cairo"
2025-03-31,Apartment,Apartment 3BR DP 619K RTM 5MIN From AUC,3,3, 177 sqm," 619,000 EGP","6,195,000 EGP","Zizinia Al Mostakbal, Mostakbal City Compounds, Mostakbal City - Future City, Cairo"
2025-03-31,Villa,Villa sea view +private pool Sahl Hasheesh Red Sea,3,2, 198 sqm,Cash,"14,500,000 EGP","Sahl Hasheesh Resort, Sahl Hasheesh, Hurghada, Red Sea"
2025-03-31,Apartment,"In Pyramids View, apartment close to Beverly hills",3,3, 187 sqm,Cash,"15,500,000 EGP","Joulz, Cairo Alexandria Desert Road, 6 October City, Giza"
2025-03-31,Villa,Lowest Price S Villa - Immediate Delivery,5,5, 260 sqm,Cash,"11,000,000 EGP","Sarai, Mostakbal City Compounds, Mostakbal City - Future City, Cairo"
2025-03-31,Apartment,Apartment Fully Finished With Lowest Down Payment,2,2, 116 sqm,Cash,"12,810,000 EGP","Hyde Park, 5th Settlement Compounds, The 5th Settlement, New Cairo City, Cairo"
2025-03-31,Apartment,Apartment 140m  fullyfinished sea view Mazarine,2,2, 140 sqm," 355,000 EGP","7,100,000 EGP","Mazarine, New Alamein City, Al Alamein, North Coast"
2025-03-31,Duplex,Duplex Garden finished S.Lux for sale in Eastown,4,4, 265 sqm,Cash,"23,500,000 EGP","Eastown, 5th Settlement Compounds, The 5th Settlement, New Cairo City, Cairo"
2025-03-31,Twin House,Twinhouse For Sale City Gate Ready to move,3,3, 313 sqm,Cash,"22,500,000 EGP","City Gate, 5th Settlement Compounds, The 5th Settlement, New Cairo City, Cairo"
2025-03-31,Villa,Standalone for sale ready to move El Patio Prime,3,4, 332 sqm,Cash,"9,000,000 EGP","Al Patio Prime, El Patio, El Shorouk Compounds, Shorouk City, Cairo"
2025-03-31,Chalet,Chalet ready to move for sale sea view in mazarin,2,2, 140 sqm,Cash,"3,000,000 EGP","Mazarine, New Alamein City, Al Alamein, North Coast"
2025-03-31,Chalet,"Lagoon View Chalet 2BED in Summer, 0% DP, 12 Years",2,1, 90 sqm," 450,000 EGP","7,595,000 EGP","Summer, Ras Al Hekma, North Coast"
2025-03-31,Apartment,For sale apartment in Hyde Park-installments 10y,3,3, 161 sqm,Cash,Ask for price,"Hyde Park, 5th Settlement Compounds, The 5th Settlement, New Cairo City, Cairo"
2025-03-31,Townhouse,Townhouse at the lowest price open view inside Owe,5,5, 270 sqm,Cash,"14,500,000 EGP","O West, 6 October Compounds, 6 October City, Giza"
2025-03-31,Apartment,Apart 274m for sale in M.V Hyde Park good price,3,4, 274 sqm,Cash,"15,250,000 EGP","Lake View Residence, 5th Settlement Compounds, The 5th Settlement, New Cairo City, Cairo"
2025-03-31,Chalet,"Chalet with garden, pool view, 8-year installment",2,2, 85 sqm,Cash,"7,500,123 EGP","Mountain View, Ras Al Hekma, North Coast"
2025-03-31,Apartment,Apart 235m for sale in Mivida prime location,3,4, 235 sqm,Cash,"25,000,000 EGP","Mivida, 5th Settlement Compounds, The 5th Settlement, New Cairo City, Cairo"
2025-03-31,Villa,Villa ( 325m) for sale in Al Burouj Compound,5,4, 325 sqm,Cash,"9,000,000 EGP","Al Burouj Compound, El Shorouk Compounds, Shorouk City, Cairo"
2025-03-31,Apartment,OWN YOUR PREMIUM HURGHADA HOME,studio,1, 46 sqm," 517,500 EGP","1,725,000 EGP","Al Hambra Waterfalls, Hurghada Resorts, Hurghada, Red Sea"
2025-03-31,Chalet,2nd home finished ground chalet |Breathtaking view,3,3, 130 sqm,Cash,"10,900,000 EGP","Mangroovy Residence, Al Gouna, Hurghada, Red Sea"
2025-03-31,Duplex,Duplex ground with garden+  (corner) bahary,4,4, 208 sqm,Cash,Ask for price,"Tag Sultan, Ring Road, Cairo"
2025-03-31,Chalet,"Ready-to-move-in chalet for sale, fully finished",3,2, 150 sqm,Cash,"4,500,000 EGP","La Vista Bay, La Vista, Qesm Ad Dabaah, North Coast"
2025-03-31,Villa,Villa for sale in La Vista Al Patio prime Shorouk,4,4, 280 sqm,Cash,"8,000,000 EGP","Al Patio Prime, El Patio, El Shorouk Compounds, Shorouk City, Cairo"
2025-03-31,Villa,RTM RESALE VillA-Very Prime Location+LANDSCAPEView,3,5, 244 sqm,Cash,"50,000,000 EGP","Mivida, 5th Settlement Compounds, The 5th Settlement, New Cairo City, Cairo"
2025-03-31,Townhouse,اقل سعر تاون هاوس بالساحل |دايركت لاجون | ريسيل,3,3, 130 sqm," 3,000,000 EGP","8,250,000 EGP","Azzar Islands, Qesm Ad Dabaah, North Coast"
2025-03-31,Apartment,immediate delivery Finished Garden Apt. by sodic,3,3, 200 sqm,Cash,"5,000,000 EGP","Allegria, Sheikh Zayed Compounds, Sheikh Zayed City, Giza"
2025-03-31,Apartment,Apart 133m for sale in M.V Hyde Park f.finished,2,2, 133 sqm,Cash,"9,250,000 EGP","Mountain View Hyde Park, 5th Settlement Compounds, The 5th Settlement, New Cairo City, Cairo"
2025-03-31,Villa,Own Villa ( on lagoon ) for sale in Telal Sokhna,4,3, 150 sqm,Cash,"14,000,000 EGP","Telal Al Sokhna, Al Ain Al Sokhna, Suez"
2025-03-31,Penthouse,Penthouse 230m Ready To Move finish Prime Location,4,4, 230 sqm,Cash,"12,968,500 EGP","Stone Residence, 5th Settlement Compounds, The 5th Settlement, New Cairo City, Cairo"
2025-03-31,Chalet,Direct sea view chalet 4mi less than Company Price,3,2, 135 sqm,Cash,"7,500,000 EGP","Lasirena, Qesm Ad Dabaah, North Coast"
2025-03-31,Chalet,Ready to move finished pool view chalet in Kai,3,3, 165 sqm,Cash,"3,500,000 EGP","Kai Sokhna, Al Ain Al Sokhna, Suez"
2025-03-31,Apartment,Fully Furnished Apartment 160sqm In District 5,3,2, 160 sqm,Cash,"12,000,000 EGP","District 5, 5th Settlement Compounds, The 5th Settlement, New Cairo City, Cairo"
2025-03-31,Apartment,APRT for sale with garden + 3BED with lowest price,3,2, 131 sqm,Cash,"1,000,000 EGP","Sarai, Mostakbal City Compounds, Mostakbal City - Future City, Cairo"
2025-03-31,Townhouse,"Town House in the Fifth Settlement, with 500,000dp",3,3, 174 sqm,Cash,"11,900,000 EGP","Azzar 2, 5th Settlement Compounds, The 5th Settlement, New Cairo City, Cairo"
2025-03-31,Apartment,Ready to move finished unit in Sheikh Zayed,3,3, 243 sqm,Cash,"8,010,000 EGP","Etapa, Sheikh Zayed Compounds, Sheikh Zayed City, Giza"
2025-03-31,Apartment,Finished Apartment in Hyde Park Compound - 10 Year,3,2, 162 sqm,Cash,Ask for price,"Hyde Park, 5th Settlement Compounds, The 5th Settlement, New Cairo City, Cairo"
2025-03-31,Apartment,APT Ready To Move Fully Finished  FiFth Settlement,3,2, 145 sqm," 1,300,000 EGP","5,000,000 EGP","The Address East, 90 Street, The 5th Settlement, New Cairo City, Cairo"
2025-03-31,Penthouse,Own RTM Penthouse+Roof100m-Special View In Tagamoa,3,4, 210 sqm,Cash,"8,830,000 EGP","The Icon Residence, 5th Settlement Compounds, The 5th Settlement, New Cairo City, Cairo"
2025-03-31,Apartment,Apartments for sale in installments in Al Maqsad,3,2, 134 sqm,Cash,"2,800,009 EGP","Al Maqsad, New Capital Compounds, New Capital City, Cairo"
2025-03-31,Chalet,0%Downpayment|Chalet finished by Orascom|Lake view,2,2, 110 sqm,Cash,"9,000,000 EGP","Makadi Orascom Resort, Makadi, Hurghada, Red Sea"
2025-03-31,Townhouse,Townhouse sea View Fully Finished In Telal Sokhna,4,4, 180 sqm,Cash,Ask for price,"Telal Al Sokhna, Al Ain Al Sokhna, Suez"
2025-03-31,Villa,Unique villa ready to move with installment,4,4, 337 sqm,Cash,"12,000,000 EGP","Cleopatra Square, 26th of July Corridor, 6 October City, Giza"
2025-03-31,Apartment,with installments Apartment 165m Good location,3,3, 165 sqm,Cash,"4,500,000 EGP","Mountain View iCity, 5th Settlement Compounds, The 5th Settlement, New Cairo City, Cairo"
2025-03-31,Apartment,Resale Finished Apartment -Very competitive price,2,2, 140 sqm," 2,800,000 EGP","9,100,000 EGP","Park Side Residence, Zed Towers, Sheikh Zayed Compounds, Sheikh Zayed City, Giza"
2025-03-31,Apartment,Immediate delivery finished Apt. on Nuzha St.,3,3, 164 sqm,Cash,"5,400,000 EGP","Village West, Sheikh Zayed Compounds, Sheikh Zayed City, Giza"
2025-03-31,Villa,Villa Katameya Dunes New Cairo 2nd row Golf,5,5, 771 sqm,Cash,"70,000,000 EGP","Katameya Dunes, El Katameya Compounds, El Katameya, New Cairo City, Cairo"
2025-03-31,Chalet,Ground chalet direct on the pool at silvertown,3,3, 136 sqm," 7,650,000 EGP","22,550,000 EGP","Silver Sands, Qesm Marsa Matrouh, North Coast"
2025-03-31,Chalet,Chalet for sale Lagoon View at Azha Ain Sokhna,2,2, 116 sqm,Cash,"4,000,000 EGP","Azha, Al Ain Al Sokhna, Suez"
2025-03-31,Apartment,RTM Attractive price Prime location Lowest DP,3,1, 126 sqm," 1,000,000 EGP","2,658,600 EGP","Bait Alwatan, The 5th Settlement, New Cairo City, Cairo"
2025-03-31,Chalet,Chalet 123m with ACS kitchen units for sale / DIS,2,1, 123 sqm,Cash,"6,000,000 EGP","Direction White, Ras Al Hekma, North Coast"
2025-03-31,Apartment,PRIME Apartment for sale in Maadi View El Shorouk,3,2, 133 sqm,Cash,"5,303,000 EGP","Maadi View, El Shorouk Compounds, Shorouk City, Cairo"
2025-03-31,Apartment,Fully finished Apartment near New Giza up to 12 y,3,3, 154 sqm," 450,000 EGP","7,900,000 EGP","Garden Lakes, 6 October Compounds, 6 October City, Giza"
2025-03-31,Villa,Villa-Palace 1450 land area in Royal Meadows Zayed,5,7, 450 sqm,Cash,Ask for price,"Royal Meadows, Sheikh Zayed Compounds, Sheikh Zayed City, Giza"
2025-03-31,Apartment,155 m Open Views - Alex West 5% dp. 8y installment,3,2, 155 sqm," 395,720 EGP","7,914,300 EGP","Alex West, Alexandria Compounds, Alexandria"
2025-03-31,Apartment,Apartment 3bedroom for sale in Taj City open view,3,2, 159 sqm,Cash,"6,500,000 EGP","Taj City, 5th Settlement Compounds, The 5th Settlement, New Cairo City, Cairo"
2025-03-31,Twin House,Twin house 356m for sale 3/4 finishing good locat,4,4, 356 sqm,Cash,"45,000,000 EGP","Mivida, 5th Settlement Compounds, The 5th Settlement, New Cairo City, Cairo"
2025-03-31,Penthouse,Penthouse for sale at Mountain view hyde park 166M,4,3, 166 sqm,Cash,"8,700,000 EGP","Mountain View Hyde Park, 5th Settlement Compounds, The 5th Settlement, New Cairo City, Cairo"
2025-03-31,Apartment,Apartment READY TO MOVE with Down Payment 10% ONLY,3,2, 160 sqm,Cash,"13,200,000 EGP","Mountain View iCity, 5th Settlement Compounds, The 5th Settlement, New Cairo City, Cairo"
2025-03-31,Apartment,Apartment in Sun Capital October Del 1 Y Over 10 Y,3,3, 140 sqm," 430,000 EGP","3,270,000 EGP","Sun Capital, Fayoum Desert road, 6 October City, Giza"
2025-03-31,Chalet,First floor sea and pool view and closed to sea,3,2, 127 sqm,Cash,"4,400,000 EGP","Murano Wadi Degla, Al Ain Al Sokhna, Suez"
2025-03-31,Chalet,Chalet in Plage Mountain View Finished,3,2, 145 sqm,Cash,Ask for price,"Plage, Sidi Abdel Rahman, North Coast"
2025-03-31,Duplex,Doplex inthe best location with 5%dp in Stone Park,4,2, 290 sqm," 800,000 EGP","16,000,000 EGP","Stone Park, 5th Settlement Compounds, The 5th Settlement, New Cairo City, Cairo"
2025-03-31,Chalet,Chalet on the sea _ 5% down payment- installmint 8,1,1, 74 sqm," 480,000 EGP","9,600,000 EGP","Cali Coast, Ras Al Hekma, North Coast"
2025-03-31,Duplex,Duplex garden finished for sale in Eastown N.Cairo,3,3, 238 sqm,Cash,"23,600,000 EGP","Eastown, 5th Settlement Compounds, The 5th Settlement, New Cairo City, Cairo"
2025-03-31,Townhouse,Town house early delivery close to Beverly hills,4,4, 195 sqm,Cash,Ask for price,"Naia West, Sheikh Zayed Compounds, Sheikh Zayed City, Giza"
2025-03-31,Villa,Villa for sale in Stone Park Compound in new cairo,4,4, 300 sqm,Cash,"10,000,000 EGP","Stone Park, 5th Settlement Compounds, The 5th Settlement, New Cairo City, Cairo"
2025-03-31,Penthouse,Apartment + roof installments for sale Stone Park,4,3, 208 sqm,Cash,Ask for price,"Stone Park, 5th Settlement Compounds, The 5th Settlement, New Cairo City, Cairo"
2025-03-31,Apartment,apartment for sale in Taj Sultan - Fully Finished ,2,1, 104 sqm,Cash,"7,000,000 EGP","Tag Sultan, Ring Road, Cairo"
2025-03-31,Apartment,fully finished apartment near sodic beverly hills,3,3, 175 sqm," 600,000 EGP","11,900,000 EGP","Naia West, Sheikh Zayed Compounds, Sheikh Zayed City, Giza"
2025-03-31,Apartment,Apartment Fully Finished With installment 10 Years,3,3, 152 sqm,Cash,"18,501,000 EGP","Palm Hills New Cairo, 5th Settlement Compounds, The 5th Settlement, New Cairo City, Cairo"
2025-03-31,Apartment,⚪170m 《 Smart Home With DISCOUNT 》Opportunity⚪,3,3, 170 sqm,Cash,"14,400,000 EGP","Mountain View iCity, 5th Settlement Compounds, The 5th Settlement, New Cairo City, Cairo"
2025-03-31,Duplex,دوبليكس 233م  لقطة بزايد بجانب الربوه | ريسيل,4,4, 233 sqm," 3,950,000 EGP","9,760,000 EGP","Ivoire, Sheikh Zayed City, Giza"
2025-03-31,Villa,High end Finished Villa 6 master rooms with pool,6,7+, 550 sqm,Cash,Ask for price,"Green Heights, 26th of July Corridor, 6 October City, Giza"
2025-03-31,Villa,villa 623m 6 rooms on the lakes + a swimming pool,6,6, 623 sqm," 20,000,000 EGP","45,500,000 EGP","The Lakeview Boutique Villas, 5th Settlement Compounds, The 5th Settlement, New Cairo City, Cairo"
2025-03-31,Apartment,Fully finished Apartment by sodic Beverly hills,3,2, 145 sqm,Cash,"15,000,000 EGP","The Estates, Sheikh Zayed Compounds, Sheikh Zayed City, Giza"
2025-03-31,Townhouse,Townhouse For sale in Hacienda bay,5,5, 503 sqm,Cash,"21,217,500 EGP","Hacienda Bay, Sidi Abdel Rahman, North Coast"
2025-03-31,Chalet,ground chalet for sale C View in Boho ain Sokhna,2,2, 115 sqm,Cash,"3,000,000 EGP","Boho, Al Ain Al Sokhna, Suez"
2025-03-31,Villa,Ready To Move Standalone with installment at Whyte,3,4, 214 sqm,Cash,"20,000,000 EGP","O West, 6 October Compounds, 6 October City, Giza"
2025-03-31,Chalet,under market price for upper chalet in la vista,3,3, 130 sqm,Cash,Ask for price,"La Vista Gardens, La Vista, Al Ain Al Sokhna, Suez"
2025-03-31,Apartment,"Finished apartment, AC, ready, best price in Zayed",4,3, 203 sqm,Cash,"4,700,000 EGP","Six West, Beverly Hills, Sheikh Zayed Compounds, Sheikh Zayed City, Giza"
2025-03-31,Twin House,Twin house for sale in Ain Bay el Sokhna view golf,4,4, 250 sqm,Cash,"15,000,000 EGP","Al Ein Bay, Al Ain Al Sokhna, Suez"
2025-03-31,Apartment,last apartment for sale in installments in Rehab,5,4, 270 sqm,Cash,"5,500,000 EGP","El Rehab Extension, Al Rehab, New Cairo City, Cairo"
2025-03-31,Villa,Villa READY TO MOVE With Very Prime Location,4,5, 380 sqm,Cash,"62,000,000 EGP","Villette, 5th Settlement Compounds, The 5th Settlement, New Cairo City, Cairo"
2025-03-31,Townhouse,"Town House in the Fifth Settlement, with 500,000dp",3,3, 174 sqm,Cash,"11,900,000 EGP","Azzar, 5th Settlement Compounds, The 5th Settlement, New Cairo City, Cairo"
2025-03-31,Chalet,Chalet Fully Furnished The best Landscaped View,2,2, 58 sqm," 320,000 EGP","3,200,000 EGP","Latin District, New Alamein City, Al Alamein, North Coast"
2025-03-31,Apartment,Apart 221m for sale HydePark G.location good price,3,3, 221 sqm,Cash,"12,500,000 EGP","Hyde Park, 5th Settlement Compounds, The 5th Settlement, New Cairo City, Cairo"
2025-03-31,Villa,"Standalone for sale with 15%dp inst, 6ys Al-Burouj",4,4, 280 sqm,Cash,"6,000,000 EGP","Al Burouj Compound, El Shorouk Compounds, Shorouk City, Cairo"
2025-03-31,Villa,Villa READY TO MOVE With Very Prime Location,3,5, 350 sqm,Cash,"32,000,000 EGP","Dyar Compound, 90 Street, The 5th Settlement, New Cairo City, Cairo"
2025-03-31,Apartment,Apartment for sale inMarriott minutes from airport,1,1, 76 sqm,Cash,"6,250,000 EGP","Marriott Residence Heliopolis, Almazah, Heliopolis - Masr El Gedida, Cairo"
2025-03-31,Apartment,Fully finished Apartment near New Giza up to 12 y,3,3, 154 sqm,Cash,"8,900,000 EGP","Garden Lakes, 6 October Compounds, 6 October City, Giza"
2025-03-31,Apartment,READY TO MOVE APARTMENT NEW CAIRO UP TO 7 YEARS,3,3, 130 sqm," 1,160,000 EGP","11,900,000 EGP","Mountain View iCity, 5th Settlement Compounds, The 5th Settlement, New Cairo City, Cairo"
2025-03-31,Penthouse,Duplex penthouse 145 m Ark Soma Soma Bay Red Sea,2,2, 154 sqm," 1,887,000 EGP","18,870,000 EGP","ARC of Soma, Soma Bay, Safaga, Hurghada, Red Sea"
2025-03-31,Penthouse,RTM- Penthouse +Roof in GOLDEN SQUARE - Open VIEW,3,3, 195 sqm," 2,083,400 EGP","20,834,000 EGP","Galleria Moon Valley, South Investors Area, New Cairo City, Cairo"
2025-03-31,Apartment,with lowest DP. finished Apt in Owest by orascom,3,2, 116 sqm,Cash,"4,517,860 EGP","O West, 6 October Compounds, 6 October City, Giza"
2025-03-31,Apartment,Apartment With Special Price - Delivery Date 1Year,2,2, 120 sqm,Cash,"4,200,000 EGP","The Icon Residence, 5th Settlement Compounds, The 5th Settlement, New Cairo City, Cairo"
2025-03-31,Duplex,Duplex roof for sale in Al Burouj fully finished,3,4, 276 sqm,Cash,"9,500,000 EGP","Al Burouj Compound, El Shorouk Compounds, Shorouk City, Cairo"
2025-03-31,Twin House,the least price Twin House Fully finished l Mivida,3,2, 191 sqm,Cash,"27,000,000 EGP","Mivida, 5th Settlement Compounds, The 5th Settlement, New Cairo City, Cairo"
2025-03-31,Apartment,fully finished apartment near sodic beverly hills,2,3, 145 sqm," 800,000 EGP","8,900,000 EGP","Naia West, Sheikh Zayed Compounds, Sheikh Zayed City, Giza"
2025-03-31,Apartment,1Bdr Apart. 72sqm For Sale In Hydepark Best Price,1,1, 72 sqm,Cash,"3,200,000 EGP","Hyde Park, 5th Settlement Compounds, The 5th Settlement, New Cairo City, Cairo"
2025-03-31,Chalet,Chalet for sale  sea view Telal sokhna village,3,3, 134 sqm,Cash,"3,500,000 EGP","Telal Al Sokhna, Al Ain Al Sokhna, Suez"
2025-03-31,Townhouse,Town house 245m for sale in Al Burouj F.finished,4,4, 244 sqm,Cash,"12,500,000 EGP","Al Burouj Compound, El Shorouk Compounds, Shorouk City, Cairo"
2025-03-31,Apartment,ريسيل باقل توتال ل شقة 165م 3 غرف | بمرحلة الاجون,3,3, 165 sqm," 3,150,000 EGP","13,215,000 EGP","Aliva, Mostakbal City Compounds, Mostakbal City - Future City, Cairo"
2025-03-31,Apartment,Finished Apartment in Hyde Park Compound - 10 Year,2,2, 116 sqm," 644,500 EGP","12,890,000 EGP","Hyde Park, 5th Settlement Compounds, The 5th Settlement, New Cairo City, Cairo"
2025-03-31,Villa,6BR finished villa 520m direct sea view NAIA Bay,6,6, 520 sqm,Cash,"8,000,000 EGP","Naia bay, Ras Al Hekma, North Coast"
2025-03-31,Duplex,with installments sky garden in MVIC For sale,3,3, 225 sqm,Cash,"7,500,000 EGP","Mountain View iCity, 5th Settlement Compounds, The 5th Settlement, New Cairo City, Cairo"
2025-03-31,Chalet,Chalet for sale sea view installment + discount ,2,1, 110 sqm,Cash,"100,000 EGP","Blue Blue, Al Ain Al Sokhna, Suez"
2025-03-31,Apartment,Finished Apartment Ready to Move| Six West Beverly,3,3, 196 sqm,Cash,"7,515,000 EGP","Six West, Beverly Hills, Sheikh Zayed Compounds, Sheikh Zayed City, Giza"
2025-03-31,Apartment,Apartment With Garden READY TO MOVE With DP 10%,3,2, 153 sqm,Cash,"13,900,000 EGP","Beta Greens, Mostakbal City Compounds, Mostakbal City - Future City, Cairo"
2025-03-31,Apartment,Finished apartment in Palm Parks Near Arkan Plaza,2,2, 131 sqm,Cash,"3,000,000 EGP","Palm Parks   Palm Hills, South Dahshur Link, 6 October City, Giza"
2025-03-31,Apartment,"Furnished APT in Maliv Compound, 0% DP, INST 10Y",3,2, 150 sqm,Cash,"8,500,000 EGP","Noll, 5th Settlement Compounds, The 5th Settlement, New Cairo City, Cairo"
2025-03-31,Apartment,APT Finished+AC`S RTM Direct on South 90th Street,2,2, 169 sqm," 3,300,000 EGP","7,500,000 EGP","Amorada, 5th Settlement Compounds, The 5th Settlement, New Cairo City, Cairo"
2025-03-31,Apartment,Apart 156m for sale in Eastown Furnished High end,2,2, 156 sqm,Cash,"14,000,000 EGP","Eastown, 5th Settlement Compounds, The 5th Settlement, New Cairo City, Cairo"
2025-03-31,Chalet,Chalet on the sea _ 5% down payment- installmint 8,1,1, 74 sqm," 485,000 EGP","9,700,000 EGP","Cali Coast, Ras Al Hekma, North Coast"
2025-03-31,Villa,Villa for sale ( Type M ) at Palm Hills New Cairo,4,6, 300 sqm,Cash,"10,000,000 EGP","Palm Hills New Cairo, 5th Settlement Compounds, The 5th Settlement, New Cairo City, Cairo"
2025-03-31,Apartment,Apart 174m for sale in P.H.N.C Super lux semi furn,3,2, 174 sqm,Cash,"12,500,000 EGP","Palm Hills New Cairo, 5th Settlement Compounds, The 5th Settlement, New Cairo City, Cairo"
2025-03-31,Townhouse,Resale Townhouse Prime Location - Ready to move,3,5, 208 sqm," 1,050,000 EGP","13,933,350 EGP","Tawny Hyde Park, 6 October Compounds, 6 October City, Giza"
2025-03-31,Twin House,0% DP |Finished Twinhouse with lake view | Orascom,4,4, 165 sqm,Cash,"20,000,000 EGP","Makadi Orascom Resort, Makadi, Hurghada, Red Sea"
2025-03-31,Villa,twin house in Bosco Compound at the new capital,4,4, 247 sqm,Cash,"15,000,000 EGP","IL Bosco, New Capital Compounds, New Capital City, Cairo"
2025-03-31,Apartment,Own apt in living Compound on the northern 90th,2,2, 105 sqm," 618,000 EGP","12,360,000 EGP","Moon Residences, Fifth Square, The 5th Settlement, New Cairo City, Cairo"
2025-03-31,Apartment,Apart 200m huge garden 238m for sale in District 5,3,3, 200 sqm,Cash,"20,600,000 EGP","District 5, 5th Settlement Compounds, The 5th Settlement, New Cairo City, Cairo"
2025-03-31,Villa,Villa for sale in Bellagio semi furnish with pool,5,5, 476 sqm,Cash,"58,000,000 EGP","Bellagio, Ext North Inves Area, New Cairo City, Cairo"
2025-03-31,Villa,Standalone villa for sale in Al Burouj Compound,4,4, 330 sqm,Cash,"7,000,000 EGP","Al Burouj Compound, El Shorouk Compounds, Shorouk City, Cairo"
2025-03-31,Villa,Best Price Villa 345sqm For Sale In Uptown Cairo,4,4, 345 sqm,Cash,"18,294,593 EGP","Uptown Cairo Road, Al Abageyah, El Khalifa, Cairo"
2025-03-31,Apartment,"3BED APRT for sale at lowest price, 5th settlement",3,2, 145 sqm,Cash,"1,000,000 EGP","The Address East, 90 Street, The 5th Settlement, New Cairo City, Cairo"
2025-03-31,Townhouse,Townhouse In Stone Park in The Fifth Settlement,4,4, 205 sqm,Cash,Ask for price,"Stone Park, 5th Settlement Compounds, The 5th Settlement, New Cairo City, Cairo"
2025-03-31,Apartment,Apartment for sale in Swan Lake Residence,3,3, 176 sqm,Cash,"3,200,000 EGP","Swan Lake Residence, 5th Settlement Compounds, The 5th Settlement, New Cairo City, Cairo"
2025-03-31,Chalet,ready to move ground sea view chalet in lavista,3,3, 140 sqm,Cash,Ask for price,"La Vista Gardens, La Vista, Al Ain Al Sokhna, Suez"
2025-03-31,Townhouse,Park Villa Park View Prime Location Ready to move,6,7, 628 sqm,Cash,Ask for price,"New Giza, Cairo Alexandria Desert Road, 6 October City, Giza"
2025-03-31,Chalet,Own Your Chalet in one of the finest destinations,2,1, 90 sqm,Cash,"4,500,000 EGP","Seashell, Sidi Abdel Rahman, North Coast"
2025-03-31,Apartment,"APT Ready To Move 5% dp , Maqsad Iconic Tower View",3,2, 135 sqm,Cash,"3,900,000 EGP","Al Maqsad, New Capital Compounds, New Capital City, Cairo"
2025-03-31,Apartment,APT Finished 110M Double View lagoon.Sea Over10Y,2,2, 110 sqm," 561,700 EGP","11,234,000 EGP","Al Masyaf, Ras Al Hekma, North Coast"
2025-03-31,Chalet,Chalet | Prime Location | Waterway North Coast   .,2,3, 118 sqm,Cash,"7,260,000 EGP","The Waterway, Qesm Ad Dabaah, North Coast"
2025-03-31,Townhouse,Townhouse 212m-5% DP-INST 10 years- Prime Location,3,3, 212 sqm," 995,000 EGP","19,900,000 EGP","Hyde Park, 5th Settlement Compounds, The 5th Settlement, New Cairo City, Cairo"
2025-03-31,Apartment,Prime location attractive price lowest DP,3,3, 171 sqm,Cash,"3,676,500 EGP","North House, The 5th Settlement, New Cairo City, Cairo"
2025-03-31,Apartment,Fully finished ready to move apartment near Sodic,3,2, 145 sqm," 600,000 EGP","9,700,000 EGP","Vye Sodic, New Zayed City, Sheikh Zayed City, Giza"
2025-03-31,Townhouse,Townhouse 5BR 334m-DP 10%-Prime location-Hyde Park,5,5, 334 sqm," 5,381,600 EGP","53,816,000 EGP","Hyde Park, 5th Settlement Compounds, The 5th Settlement, New Cairo City, Cairo"
2025-03-31,Townhouse,Townhouse Corner Over 10yrs in Azzar special offer,3,3, 177 sqm,Cash,"4,650,000 EGP","Azzar, 5th Settlement Compounds, The 5th Settlement, New Cairo City, Cairo"
2025-03-31,Apartment,"Apartment in Gardenia heights, 5th settlement, imm",2,1, 125 sqm," 135,000 EGP","2,250,000 EGP","Gardenia City Compound Nasr City, Zahraa Madinat Nasr, Nasr City, Cairo"
2025-03-31,Villa,Finished Villa for sale inKatameya hills 80%finish,6,6, 700 sqm,Cash,"42,000,000 EGP","Katameya Hills, 5th Settlement Compounds, The 5th Settlement, New Cairo City, Cairo"
2025-03-31,Twin House,Twinhouse For Sale Hydepark without Over,3,3, 235 sqm," 6,627,000 EGP","38,790,000 EGP","Hyde Park, 5th Settlement Compounds, The 5th Settlement, New Cairo City, Cairo"
2025-03-31,Apartment,Apartment With Garden Fully Finished Ready To Move,2,2, 122 sqm,Cash,"15,225,000 EGP","Lake View Residence, 5th Settlement Compounds, The 5th Settlement, New Cairo City, Cairo"
2025-03-31,Apartment,Apart 158m for sale in Tag sultan ultra Super lux,3,4, 238 sqm,Cash,"9,950,000 EGP","Tag Sultan, Ring Road, Cairo"
2025-03-31,Apartment,Apartment for sale with garden in New Alamin,1,1, 111 sqm," 318,700 EGP","6,374,000 EGP","Downtown, New Alamein City, Al Alamein, North Coast"
2025-03-31,Apartment,APT Finished at special price and view New Alamein,1,2, 71 sqm," 200,000 EGP","3,500,000 EGP","Latin District, New Alamein City, Al Alamein, North Coast"
2025-03-31,Townhouse,Townhouse for sale in JUNE direct lagoon view,3,4, 190 sqm,Cash,"22,914,000 EGP","June, Ras Al Hekma, North Coast"
2025-03-31,Apartment,Apartment Fully Finished with 5 % dp in Sodic East,3,2, 153 sqm," 750,000 EGP","10,000,000 EGP","Sodic East, 6th District, New Heliopolis, Cairo"
2025-03-31,Villa,Ready-to-move-in villa for sale in La Vista Bay,5,4, 400 sqm,Cash,Ask for price,"La Vista Bay, La Vista, Qesm Ad Dabaah, North Coast"
2025-03-31,Apartment,SERVICE FINISHED APARTMENT CLOSE to Beverly hills,2,2, 120 sqm,Cash,Ask for price,"Arkan Palm 205, Sheikh Zayed Compounds, Sheikh Zayed City, Giza"
2025-03-31,Apartment,READY TO MOVE FULL FINISHED APARTMENT IN NEW CAIRO,2,2, 125 sqm,Cash,"12,800,000 EGP","Moon Residences, Fifth Square, The 5th Settlement, New Cairo City, Cairo"
2025-03-31,Villa,Villa apartment view zayed close to beverly hills,4,4, 186 sqm,Cash,"10,900,000 EGP","V Levels, Sheikh Zayed Compounds, Sheikh Zayed City, Giza"
2025-03-31,Chalet,Ground Chalet 3in1 1st row golf at Hacienda Bay,4,5, 278 sqm,Cash,"15,000,000 EGP","Hacienda Bay, Sidi Abdel Rahman, North Coast"
2025-03-31,Apartment,"APT for sale in the Fifth Settlement a 325,000 D P",2,2, 130 sqm," 325,000 EGP","6,500,000 EGP","Azzar, 5th Settlement Compounds, The 5th Settlement, New Cairo City, Cairo"
2025-03-31,Chalet,With 20%DP own chalet hour and quarter from Cairo,3,2, 119 sqm," 990,000 EGP","4,950,000 EGP","Stella Di Mare 1, Stella Di Mare, Al Ain Al Sokhna, Suez"
2025-03-31,Apartment,Resale Apartment With View Landscape Ready To Move,3,3, 185 sqm,Cash,"9,250,000 EGP","Hyde Park, 5th Settlement Compounds, The 5th Settlement, New Cairo City, Cairo"
2025-03-31,Apartment,Apartment for sale In Bavaria Town Compound,3,3, 250 sqm,Cash,"4,500,000 EGP","Bavaria Town, Zahraa El Maadi, Hay El Maadi, Cairo"
2025-03-31,Apartment,Ready to move  finished duplex in O West,4,4, 290 sqm,Cash,"7,850,098 EGP","O West, 6 October Compounds, 6 October City, Giza"
2025-03-31,Apartment,"apartment for sale in Jayd Residence , By 10 Y",3,2, 170 sqm,Cash,"6,800,000 EGP","JAYD Residence, 5th Settlement Compounds, The 5th Settlement, New Cairo City, Cairo"
2025-03-31,Apartment,Open View Apartment Finished+ACs - Prime location,4,4, 244 sqm,Cash,"29,000,000 EGP","Mivida, 5th Settlement Compounds, The 5th Settlement, New Cairo City, Cairo"
2025-03-31,Penthouse,penthouse Middle 166m for sale S.lux first use .,3,2, 166 sqm,Cash,"13,500,000 EGP","Mountain View Hyde Park, 5th Settlement Compounds, The 5th Settlement, New Cairo City, Cairo"
2025-03-31,Chalet,Finished 2BD Chalet near ClubHouse in Telal Sokhna,2,1, 108 sqm,Cash,"4,500,000 EGP","Telal Al Sokhna, Al Ain Al Sokhna, Suez"
2025-03-31,Villa,Standalone villa for sale with cash discount,3,3, 176 sqm,Cash,"100,000 EGP","Taj City, 5th Settlement Compounds, The 5th Settlement, New Cairo City, Cairo"
2025-03-31,Chalet,Best price for penthouse resale in Silver Sands,3,3, 137 sqm," 6,185,000 EGP","15,548,000 EGP","Silver Sands, Qesm Marsa Matrouh, North Coast"
2025-03-31,Townhouse,Town House Middle for Sale - City Gate,4,5, 261 sqm,Cash,"24,137,200 EGP","City Gate, 5th Settlement Compounds, The 5th Settlement, New Cairo City, Cairo"
2025-03-31,Apartment,Apartment READY TO MOVE Lowest Price Best View,3,3, 167 sqm,Cash,"6,500,000 EGP","Mountain View iCity, 5th Settlement Compounds, The 5th Settlement, New Cairo City, Cairo"
2025-03-31,Penthouse,Penthouse for sale Finished view Majestic lake .,3,3, 166 sqm,Cash,"13,500,000 EGP","Mountain View Hyde Park, 5th Settlement Compounds, The 5th Settlement, New Cairo City, Cairo"
2025-03-31,Villa,Standalone villa for sale open view Stone park,3,4, 288 sqm,Cash,"8,000,000 EGP","Stone Park, 5th Settlement Compounds, The 5th Settlement, New Cairo City, Cairo"
2025-03-31,Apartment,Ready to move Finished apartment -6 West SODIC,2,3, 158 sqm,Cash,"5,156,200 EGP","Six West, Beverly Hills, Sheikh Zayed Compounds, Sheikh Zayed City, Giza"
2025-03-31,Apartment,In front of Al-Ahly Club lowest down payment,2,2, 145 sqm," 1,268,750 EGP","3,625,000 EGP","Bait Alwatan, The 5th Settlement, New Cairo City, Cairo"
2025-03-31,Townhouse,Luxurious Townhouse in Zayed installment Over 10 Y,3,4, 229 sqm," 1,740,000 EGP","10,950,000 EGP","Etapa, Sheikh Zayed Compounds, Sheikh Zayed City, Giza"
2025-03-31,Apartment,"Apartment +Garden ,immediate Delivery Pool view",3,3, 195 sqm," 2,965,000 EGP","29,650,000 EGP","Galleria Moon Valley, South Investors Area, New Cairo City, Cairo"
2025-03-31,Townhouse,Townhouse villa for sale at 6 Settlement,3,2, 212 sqm," 1,990,000 EGP","19,900,000 EGP","Hyde Park, 5th Settlement Compounds, The 5th Settlement, New Cairo City, Cairo"
2025-03-31,Apartment,"APT Ready To Move, Sea View 5% dp , in New Alamein",2,2, 127 sqm," 300,000 EGP","6,000,000 EGP","Latin District, New Alamein City, Al Alamein, North Coast"
2025-03-31,Apartment,OWN YOUR PREMIUM HURGHADA HOME,studio,1, 49 sqm," 771,750 EGP","2,205,000 EGP","1st Avenue South side, Hurghada Resorts, Hurghada, Red Sea"
2025-03-31,Apartment,APT145m Ready To Move at the AUC Uni in Al Marasem,3,2, 145 sqm," 2,000,000 EGP","10,000,000 EGP","Moon Residences, Fifth Square, The 5th Settlement, New Cairo City, Cairo"
2025-03-31,Townhouse,Resale - finished - ready to move - Installments,3,4, 426 sqm,Cash,"18,200,000 EGP","Al Maqsad, New Capital Compounds, New Capital City, Cairo"
2025-03-31,Duplex,"Duplex for sale, f.f, on a lagoon in Makadi",3,2, 125 sqm,Cash,"4,000,000 EGP","Makadi Beach, Makadi, Hurghada, Red Sea"
2025-03-31,Apartment,⭕Opportunity * 175m View Pool Live with a discount,3,3, 175 sqm,Cash,"13,600,000 EGP","Taj City, 5th Settlement Compounds, The 5th Settlement, New Cairo City, Cairo"
2025-03-31,Chalet,Chalet for sale 2BED sea view in IL Monte Galal,1,1, 83 sqm,Cash,"6,210,000 EGP","IL Monte Galala, Al Ain Al Sokhna, Suez"
2025-03-31,Apartment,Apartment With 10% Down Payment And Ready To Move,3,3, 160 sqm,Cash,"13,184,838 EGP","Mountain View iCity, 5th Settlement Compounds, The 5th Settlement, New Cairo City, Cairo"
2025-03-31,Apartment,Ready-to-Move Apartment in Prime Location -3.2M DP,3,3, 200 sqm,Cash,"3,287,659 EGP","West Leaves, 1st District, 6 October City, Giza"
2025-03-31,Apartment,Near delivery in heart of Alamein finished over12Y,2,2, 112 sqm,Cash,"3,000,000 EGP","Downtown, New Alamein City, Al Alamein, North Coast"
2025-03-31,Twin House,Twin house in Villas Area - Ready To Move,3,4, 195 sqm,Cash,"15,500,000 EGP","Taj City, 5th Settlement Compounds, The 5th Settlement, New Cairo City, Cairo"
2025-03-31,Villa,Villa for sale in La Vista Bay Sea View,3,3, 220 sqm,Cash,"7,000,000 EGP","La Vista Bay, La Vista, Qesm Ad Dabaah, North Coast"
2025-03-31,Apartment,Finished Apartment With Best View Ready To Move,1,2, 114 sqm,Cash,"10,500,000 EGP","Villette, 5th Settlement Compounds, The 5th Settlement, New Cairo City, Cairo"
2025-03-31,Apartment,pay 120K and 7K inst over 12Y at Badya palm hills!,1,1, 64 sqm,Cash,"5,040,000 EGP","Badya Palm Hills, 6 October Compounds, 6 October City, Giza"
2025-03-31,Chalet,Chalet Finished Marassi For sale Emaar,2,1, 79 sqm,Cash,"14,500,000 EGP","Marassi, Sidi Abdel Rahman, North Coast"
2025-03-31,Apartment,Prime Location Directly in front of the British Sc,3,3, 240 sqm,Cash,"5,800,000 EGP","Al Bostan St., 9th District, Sheikh Zayed City, Giza"
2025-03-31,Duplex,Resale I Villa 3 Bedroom Mountain View New Cairo,3,3, 260 sqm,Cash,"11,000,000 EGP","Mountain View iCity, 5th Settlement Compounds, The 5th Settlement, New Cairo City, Cairo"
2025-03-31,Apartment,Under Price Market Apartment At HydePark Best View,3,3, 185 sqm,Cash,"8,500,000 EGP","Hyde Park, 5th Settlement Compounds, The 5th Settlement, New Cairo City, Cairo"
2025-03-31,Townhouse,Own Townhouse with installment on 10years in DIJAR,3,3, 160 sqm,Cash,"11,900,000 EGP","Dijar, 5th Settlement Compounds, The 5th Settlement, New Cairo City, Cairo"
2025-03-31,Apartment,Studio at Avelin Zero over and could install DP,studio,1, 72 sqm,Cash,"4,500,000 EGP","Avelin, North Investors Area, New Cairo City, Cairo"
2025-03-31,Villa,S Villa Prime Location Less than the company Price,3,3, 260 sqm,Cash,"8,750,000 EGP","Sarai, Mostakbal City Compounds, Mostakbal City - Future City, Cairo"
2025-03-31,Villa,Villa for sale in Swan Lake Residence New Cairo,5,5, 385 sqm,Cash,"15,000,000 EGP","Swan Lake Residence, 5th Settlement Compounds, The 5th Settlement, New Cairo City, Cairo"
2025-03-31,Apartment,"with DP 125,000 finished apart Near Alamein Towers",2,2, 115 sqm,Cash,"10,200,000 EGP","Downtown, New Alamein City, Al Alamein, North Coast"
2025-03-31,Villa,I villa Garden (RTM) Nearly Rehab M.V 1.1 Compound,3,2, 235 sqm,Cash,"9,120,000 EGP","Mountain View 1.1, 5th Settlement Compounds, The 5th Settlement, New Cairo City, Cairo"
2025-03-31,Apartment,READY TO MOVE Apartment with installment in AZAD,3,3, 166 sqm,Cash,"19,260,259 EGP","Azad, 5th Settlement Compounds, The 5th Settlement, New Cairo City, Cairo"
2025-03-31,Apartment,شقة 3 غرف 160 م | فيو داخلي بالريفير | ريسيل,3,3, 160 sqm," 2,550,000 EGP","7,815,000 EGP","Aliva, Mostakbal City Compounds, Mostakbal City - Future City, Cairo"
2025-03-31,Townhouse,Town House READY TO MOVE With Very Prime Location,4,4, 260 sqm,Cash,"31,000,000 EGP","Villette, 5th Settlement Compounds, The 5th Settlement, New Cairo City, Cairo"
2025-03-31,Villa,Resale - ready to move - finished - Best price,3,4, 426 sqm,Cash,"18,300,000 EGP","Al Maqsad, New Capital Compounds, New Capital City, Cairo"
2025-03-31,Villa,Villa 77m in Front of Beverly Hills with Instal.,4,4, 277 sqm,Cash,"6,000,000 EGP","Lake West, Sheikh Zayed Compounds, Sheikh Zayed City, Giza"
2025-03-31,Apartment,Apartment Ready to move Mountain View New Cairo,3,3, 165 sqm,Cash,"6,000,000 EGP","Mountain View iCity, 5th Settlement Compounds, The 5th Settlement, New Cairo City, Cairo"
2025-03-31,Apartment,Fully Finished Apartment at Badya by Palm Hills,2,3, 110 sqm,Cash,"2,500,000 EGP","Badya Palm Hills, 6 October Compounds, 6 October City, Giza"
2025-03-31,Apartment,Apartment CORNER | LAKE DIRECT | READY TO MOVE ,3,3, 180 sqm,Cash,"8,200,000 EGP","Mountain View iCity, 5th Settlement Compounds, The 5th Settlement, New Cairo City, Cairo"
2025-03-31,Apartment,Your Apartment in a Premium Villa – Ninth District,3,3, 240 sqm," 2,750,000 EGP","5,500,000 EGP","Al Bostan St., 9th District, Sheikh Zayed City, Giza"
2025-03-31,Chalet,"chalet with garden full Sea View , Telal El Sokhna",2,2, 100 sqm,Cash,"2,500,000 EGP","Telal Al Sokhna, Al Ain Al Sokhna, Suez"
2025-03-31,Apartment,Apartment WITHOUT Down Payment installment 12Y,2,2, 115 sqm,Cash,"8,900,000 EGP","Taj City, 5th Settlement Compounds, The 5th Settlement, New Cairo City, Cairo"
2025-03-31,Chalet,"lowest price, finished, 1y delivery, Sidi Abdel Ra",1,1, 56 sqm," 404,000 EGP","4,044,000 EGP","Alura, Sidi Abdel Rahman, North Coast"
2025-03-31,Villa,Villa With Private Pool 418M In Swan Lake October,5,5, 418 sqm,Cash,"16,000,000 EGP","Swan Lake West, 6 October Compounds, 6 October City, Giza"
2025-03-31,Chalet,Chalet fully finished view sea Telal E,2,2, 96 sqm,Cash,"5,100,000 EGP","Telal Al Sokhna, Al Ain Al Sokhna, Suez"
2025-03-31,Chalet,"Chalet sea view in Hassan Allam Towers, El Alamein",3,3, 217 sqm,Cash,"5,400,000 EGP","The Gate Towers, New Alamein City, Al Alamein, North Coast"
2025-03-31,Apartment,Apartment sale-semi-finished - mostakbal city,2,2, 145 sqm,Cash,"3,700,000 EGP","La Mirada El Mostakbal, Mostakbal City Compounds, Mostakbal City - Future City, Cairo"
2025-03-31,Villa,S-Villa for sale in Sarai - Lowest Price -12 years,3,4, 213 sqm,Cash,"12,000,000 EGP","Sarai, Mostakbal City Compounds, Mostakbal City - Future City, Cairo"
2025-03-31,Apartment,⭐Your APT with 4 BR at the highest discount⭐,4,3, 200 sqm,Cash,"24,400,000 EGP","Mivida, 5th Settlement Compounds, The 5th Settlement, New Cairo City, Cairo"
2025-03-31,Apartment,"Finished, ready to move, at half price, installmen",3,3, 181 sqm,Cash,"5,795,000 EGP","Al Maqsad, New Capital Compounds, New Capital City, Cairo"
2025-03-31,Townhouse,Townhouse Ready To Move 270m In Stone Park,4,4, 270 sqm,Cash,"8,000,000 EGP","Stone Park, 5th Settlement Compounds, The 5th Settlement, New Cairo City, Cairo"
2025-03-31,Apartment,Resale - Nearest delivery - Installments- Less Ove,2,2, 104 sqm," 1,400,000 EGP","3,850,000 EGP","Nyoum mostakbal, Mostakbal City Compounds, Mostakbal City - Future City, Cairo"
2025-03-31,Apartment,Apartment 3Beds sale Mountain view Ready Finished,3,3, 170 sqm,Cash,"9,750,000 EGP","Mountain View iCity, 5th Settlement Compounds, The 5th Settlement, New Cairo City, Cairo"
2025-03-31,Penthouse,One of kind penthouse at District five Residence,3,2, 170 sqm,Cash,"10,500,000 EGP","District 5 Residences, El Katameya Compounds, El Katameya, New Cairo City, Cairo"
2025-03-31,Apartment,Finished Apt. at Bargain Price in Mountain View,3,3, 155 sqm,Cash,"5,250,000 EGP","Mountain View iCity October, 6 October Compounds, 6 October City, Giza"
2025-03-31,Apartment,Full finish Apt in O West Orascom near Mall Egypt,3,3, 148 sqm,Cash,"4,500,000 EGP","O West, 6 October Compounds, 6 October City, Giza"
2025-03-31,Apartment,Bay 400K Own APT with A PRIME LOCATION - AZZAR,2,2, 108 sqm,Cash,"7,800,000 EGP","Azzar, 5th Settlement Compounds, The 5th Settlement, New Cairo City, Cairo"
2025-03-31,Villa,"Villa for sale in Stone Park , installments 10 Y",4,6, 405 sqm,Cash,"20,000,000 EGP","Stone Park, 5th Settlement Compounds, The 5th Settlement, New Cairo City, Cairo"
2025-03-31,Chalet,Lowest price pentahouse sea view fully finshed,2,2, 92 sqm,Cash,"5,400,000 EGP","Mountain View, Ras Al Hekma, North Coast"
2025-03-31,Villa,"For sale, prime location villa in Al patio Prime",5,5, 320 sqm,Cash,"9,500,000 EGP","Al Patio Prime, El Patio, El Shorouk Compounds, Shorouk City, Cairo"
2025-03-31,Townhouse,Limited time offer Villa finished Over12y in PLAGE,3,3, 190 sqm,Cash,"6,750,000 EGP","Plage, Sidi Abdel Rahman, North Coast"
2025-03-31,Apartment,Finished Apartment With Very Special View - RTM,2,3, 145 sqm,Cash,"8,900,000 EGP","Hyde Park, 5th Settlement Compounds, The 5th Settlement, New Cairo City, Cairo"
2025-03-31,Apartment,ApT 127m Finished 2BRs in Swan lake Near Rehab,2,2, 127 sqm,Cash,"4,750,000 EGP","Swan Lake Residence, 5th Settlement Compounds, The 5th Settlement, New Cairo City, Cairo"
2025-03-31,Chalet,"OFFER 2Bed chalet at hacienda DP 560K, 19K \ month",2,2, 103 sqm,Cash,"11,230,000 EGP","Hacienda Waters, Qesm Ad Dabaah, North Coast"
2025-03-31,Chalet,Studio 73m Fully Finished + ACs In IL Monte Galala,studio,1, 73 sqm," 660,000 EGP","6,600,000 EGP","IL Monte Galala, Al Ain Al Sokhna, Suez"
2025-03-31,Chalet,Chalet Marassi Fully Furnished Ready to move,2,2, 132 sqm,Cash,"17,800,000 EGP","Marassi, Sidi Abdel Rahman, North Coast"
2025-03-31,Apartment,Apartment Sea View 121M In Latin District Alamein,2,2, 121 sqm,Cash,"5,900,000 EGP","Latin District, New Alamein City, Al Alamein, North Coast"
2025-03-31,Apartment, Apartment 0%Down payment _ 12years installments ,2,1, 115 sqm,Cash,"4,927,000 EGP","Taj City, 5th Settlement Compounds, The 5th Settlement, New Cairo City, Cairo"
2025-03-31,Apartment,Hotel Apartment 217m Sea Viwe In Alamein Towers,3,3, 217 sqm,Cash,"18,000,000 EGP","The Gate Towers, New Alamein City, Al Alamein, North Coast"
2025-03-31,Chalet,"Chalet for sale ready for furniture , Lavista 6",3,2, 150 sqm,Cash,"4,200,000 EGP","La Vista 6, La Vista, Al Ain Al Sokhna, Suez"
2025-03-31,Apartment,Opportunity with 60% disc and 3 months delivery,3,2, 135 sqm,Cash,"2,970,000 EGP","Al Maqsad, New Capital Compounds, New Capital City, Cairo"
2025-03-31,Apartment,"APRT 2BED for sale in Badya, october at low price",2,2, 100 sqm,Cash,"8,940,000 EGP","Badya Palm Hills, 6 October Compounds, 6 October City, Giza"
2025-03-31,Apartment,Finished Apartment with garden-Landscape View-195m,3,3, 195 sqm,Cash,"17,500,000 EGP","Moon Residences, Fifth Square, The 5th Settlement, New Cairo City, Cairo"
2025-03-31,Townhouse,Town House Ready To Move With Lowest Price,5,5, 234 sqm,Cash,"19,800,000 EGP","Hyde Park, 5th Settlement Compounds, The 5th Settlement, New Cairo City, Cairo"
2025-03-31,Duplex,"Duplex=price of apartment, fully finished-Zed East",3,3, 200 sqm,Cash,"5,200,000 EGP","Zed East, 5th Settlement Compounds, The 5th Settlement, New Cairo City, Cairo"
2025-03-31,iVilla,I Villa With Roof READY TO MOVE Prime Location,3,3, 310 sqm,Cash,"16,000,000 EGP","Mountain View Hyde Park, 5th Settlement Compounds, The 5th Settlement, New Cairo City, Cairo"
2025-03-31,Chalet,Chaletfor saleFullyFurnishedMarassiwithInstallment,1,1, 60 sqm,Cash,"11,500,000 EGP","Marassi, Sidi Abdel Rahman, North Coast"
2025-03-31,Apartment,Installments over 6 months on Al-Bostan Main Stree,3,3, 220 sqm,Cash,"5,750,000 EGP","Al Bostan St., 9th District, Sheikh Zayed City, Giza"
2025-03-31,Villa,For sale Villa RTM in El Gouna fully finished,4,2, 244 sqm,Cash,"15,000,000 EGP","North Bay, Al Gouna, Hurghada, Red Sea"
2025-03-31,Villa,"⭐Villa, 5BR, with an open garden view _ DISCOUNT⭐",5,6, 415 sqm,Cash,"55,000,000 EGP","Mivida, 5th Settlement Compounds, The 5th Settlement, New Cairo City, Cairo"
2025-03-31,Apartment,3BED APRT fully finish for sale in 5th settlement ,3,2, 162 sqm,Cash,"13,642,000 EGP","Hyde Park, 5th Settlement Compounds, The 5th Settlement, New Cairo City, Cairo"
2025-03-31,Apartment,Apartment Fully Finished Open View delivery 2025,3,3, 175 sqm,Cash,"16,571,694 EGP","Moon Residences, Fifth Square, The 5th Settlement, New Cairo City, Cairo"
2025-03-31,Apartment,"⚫170 m with a garden, RTM # Get the Discount⚫",3,3, 170 sqm,Cash,"20,740,000 EGP","Mivida, 5th Settlement Compounds, The 5th Settlement, New Cairo City, Cairo"
2025-03-31,Apartment,"Apartment with a 20% down payment, immediate",2,2, 140 sqm,Cash,"7,000,000 EGP","Al Burouj Compound, El Shorouk Compounds, Shorouk City, Cairo"
2025-03-31,Apartment,Ready to Move Lagoon Garden Apart. In MV,2,2, 140 sqm,Cash,"2,150,000 EGP","Mountain View iCity, 5th Settlement Compounds, The 5th Settlement, New Cairo City, Cairo"
2025-03-31,Townhouse,Townhouse for sale Al Maqsad Ready to move finish,3,4, 391 sqm,Cash,"8,800,000 EGP","Al Maqsad, New Capital Compounds, New Capital City, Cairo"
2025-03-31,Duplex,Duplex garden fully finished for sale lowest price,3,4, 240 sqm,Cash,"20,500,000 EGP","Eastown, 5th Settlement Compounds, The 5th Settlement, New Cairo City, Cairo"
2025-03-31,Apartment,Apartment With Down Payment 5% Prime Location,3,2, 140 sqm,Cash,"10,800,000 EGP","Hyde Park, 5th Settlement Compounds, The 5th Settlement, New Cairo City, Cairo"
2025-03-31,Penthouse,Penthouse for sale at Westown sodic Courtyard,3,3, 260 sqm,Cash,"15,300,000 EGP","The Courtyards, Sheikh Zayed Compounds, Sheikh Zayed City, Giza"
2025-03-31,Apartment,ready aprt fully finished prime location in AEON,3,3, 240 sqm,Cash,"12,000,000 EGP","Aeon, 6 October Compounds, 6 October City, Giza"
2025-03-31,Apartment,Apartment With Open View - Lowest Down Payment,3,3, 212 sqm,Cash,"18,000,000 EGP","Glen, The 6th Settlement, New Cairo City, Cairo"
2025-03-31,Apartment,Apartment for sale 150 m Miami (Army Road) ,3,2, 150 sqm,Cash,"4,500,000 EGP","El Gaish Road, Miami, Hay Awal El Montazah, Alexandria"
2025-03-31,Chalet,Chalet 147m First row on the Lagoon in Azha,3,3, 147 sqm,Cash,"4,000,000 EGP","Azha, Al Ain Al Sokhna, Suez"
2025-03-31,Apartment,Apartment for sale ready to move in El Patio Oro,2,2, 128 sqm,Cash,"4,000,000 EGP","El Patio Oro, 5th Settlement Compounds, The 5th Settlement, New Cairo City, Cairo"
2025-03-31,Apartment,APT Fuly Finished 200M In Latin District Alamein,3,3, 200 sqm,Cash,"2,400,000 EGP","Latin District, New Alamein City, Al Alamein, North Coast"
2025-03-31,Apartment,Ready to Move APART. In MV with discount 5%,3,3, 150 sqm,Cash,"2,340,000 EGP","Mountain View iCity, 5th Settlement Compounds, The 5th Settlement, New Cairo City, Cairo"
2025-03-31,Chalet,3beds sea view garden chalet lowest price,3,2, 115 sqm,Cash,"2,961,000 EGP","Hacienda West, Ras Al Hekma, North Coast"
2025-03-31,Apartment,⭕3 rooms * Buy now with an attractive discount *⭕,3,3, 164 sqm,Cash,"16,320,000 EGP","Mivida, 5th Settlement Compounds, The 5th Settlement, New Cairo City, Cairo"
2025-03-31,Townhouse,"Townhouse Villa 0% Dowenpayment and 52,000 monthly",4,4, 240 sqm,Cash,"19,800,000 EGP","Al Burouj Compound, El Shorouk Compounds, Shorouk City, Cairo"
2025-03-31,Chalet,Finished chalet for sale Lagoon View in Fouka Bay,3,2, 190 sqm,Cash,"8,100,000 EGP","Fouka Bay, Qesm Marsa Matrouh, North Coast"
2025-03-31,Villa,"Great price of a twin house, Ready to move",4,4, 393 sqm,Cash,"9,100,000 EGP","Al  Rabwa, Sheikh Zayed Compounds, Sheikh Zayed City, Giza"
2025-03-31,iVilla,iVilla Garden 235m Ready in Mountain View 1.1,4,4, 235 sqm,Cash,"7,600,000 EGP","Mountain View 1.1, 5th Settlement Compounds, The 5th Settlement, New Cairo City, Cairo"
2025-03-31,Apartment,Apartment 195m Fully Finished Sea View In Downtown,3,3, 195 sqm,Cash,"2,200,000 EGP","Downtown Marina, Al Alamein, North Coast"
2025-03-31,Apartment,Apart Semi finished prime location 150m For sale,3,3, 150 sqm,Cash,"2,700,000 EGP","Mountain View iCity, 5th Settlement Compounds, The 5th Settlement, New Cairo City, Cairo"
2025-03-31,Apartment,Apartment Ready To Move With Very Special Price,2,3, 143 sqm,Cash,"9,900,000 EGP","Lake View Residence, 5th Settlement Compounds, The 5th Settlement, New Cairo City, Cairo"
2025-03-31,Apartment,شقة للبيع في كمبوند سنشري سيتي التجمع الخامس فوري,3,3, 186 sqm,Cash,"5,000,000 EGP","Century City, 5th Settlement Compounds, The 5th Settlement, New Cairo City, Cairo"
2025-03-31,Apartment,Aprt(Ready to move) Golden square El Patio Oro,3,2, 164 sqm,Cash,"8,000,000 EGP","El Patio Oro, 5th Settlement Compounds, The 5th Settlement, New Cairo City, Cairo"
2025-03-31,Villa,"Finished Villa with 1M down payment, 10-Years Plan",3,4, 212 sqm," 1,058,650 EGP","13,974,181 EGP","The Estates, Sheikh Zayed Compounds, Sheikh Zayed City, Giza"
2025-03-31,Chalet,Chalet 125m Fully Finished in Mv Plage Northcoast,3,2, 125 sqm,Cash,"7,000,000 EGP","Plage, Sidi Abdel Rahman, North Coast"
2025-03-31,iVilla,I villa fully finished ready to move kitchen a /c,3,3, 245 sqm,Cash,"15,500,000 EGP","Mountain View Hyde Park, 5th Settlement Compounds, The 5th Settlement, New Cairo City, Cairo"
2025-03-31,Apartment,for sale apartment 2BD with amazing price l Mivida,2,2, 156 sqm,Cash,"15,200,000 EGP","Mivida, 5th Settlement Compounds, The 5th Settlement, New Cairo City, Cairo"
2025-03-31,Chalet,Hotel chalet (immediate delivery) in Ain Sokhna,1,1, 74 sqm," 650,000 EGP","5,577,000 EGP","Boho, Al Ain Al Sokhna, Suez"
2025-03-31,Twin House,twinhouse for sale first row lagoon on azha sahel,3,3, 171 sqm,Cash,"13,538,730 EGP","Azha North, Ras Al Hekma, North Coast"
2025-03-31,Apartment,Fully Finished With ACs Apartment Attractive Price,2,3, 127 sqm,Cash,"7,500,000 EGP","Swan Lake Residence, 5th Settlement Compounds, The 5th Settlement, New Cairo City, Cairo"
2025-03-31,Apartment,"ready to move,fully finished | old price |",3,3, 165 sqm,Cash,"3,800,000 EGP","Village West, Sheikh Zayed Compounds, Sheikh Zayed City, Giza"
2025-03-31,Apartment,Finished apartment in Eastern Expansions Palm Hils,3,3, 150 sqm,Cash,"3,900,022 EGP","Garden Lakes, 6 October Compounds, 6 October City, Giza"
2025-03-31,Apartment,Sarai Apartment with garden for sale ready to move,3,3, 165 sqm,Cash,"5,800,000 EGP","Sarai, Mostakbal City Compounds, Mostakbal City - Future City, Cairo"
2025-03-31,Villa,Special Finishing Villa in Sodic East For Sale,4,4, 4 sqm,Cash,"26,700,000 EGP","Sodic East, 6th District, New Heliopolis, Cairo"
2025-03-31,Chalet,Chaletfor saleMarassiReady to move Attractiveprice,2,1, 155 sqm,Cash,"22,000,000 EGP","Marassi, Sidi Abdel Rahman, North Coast"
2025-03-31,Apartment,Apartment for sale Semi finished 155m at I-City,3,3, 155 sqm,Cash,"5,750,000 EGP","Mountain View iCity, 5th Settlement Compounds, The 5th Settlement, New Cairo City, Cairo"
2025-03-31,Chalet,Chalet For sale Marassi  Emaar Ready to move,1,1, 77 sqm,Cash,"12,600,000 EGP","Marassi, Sidi Abdel Rahman, North Coast"
2025-03-31,Apartment,Apartment with Special Price - Prime Location,3,3, 204 sqm,Cash,"16,000,000 EGP","Lake View Residence, 5th Settlement Compounds, The 5th Settlement, New Cairo City, Cairo"
2025-03-31,Townhouse,Townhouse Resale with monthly installment 50K ONLY,4,4, 226 sqm,Cash,"18,000,000 EGP","Azzar 2, 5th Settlement Compounds, The 5th Settlement, New Cairo City, Cairo"
2025-03-31,Villa,Villa(Ready to move)prime location El patio prime,4,4, 222 sqm,Cash,"12,190,000 EGP","Al Patio Prime, El Patio, El Shorouk Compounds, Shorouk City, Cairo"
2025-03-31,Apartment,⚪4 rooms with (the largest discount in Taj) ⚪,4,3, 200 sqm,Cash,"13,650,000 EGP","Taj City, 5th Settlement Compounds, The 5th Settlement, New Cairo City, Cairo"
2025-03-31,Apartment,Sarai Apartment 164m for sale ready to move,3,3, 164 sqm,Cash,"4,700,000 EGP","Sarai, Mostakbal City Compounds, Mostakbal City - Future City, Cairo"
2025-03-31,Apartment,Apart Prime location double view for sale 165m,3,3, 165 sqm,Cash,"5,750,000 EGP","Mountain View iCity, 5th Settlement Compounds, The 5th Settlement, New Cairo City, Cairo"
2025-03-31,Apartment,Receive your apartment on Al-Bostan Main Street wi,4,3, 242 sqm,Cash,"6,500,000 EGP","Al Bostan St., 9th District, Sheikh Zayed City, Giza"
2025-03-31,Apartment,With 5% only Apartment at Palm Hills-New Cairo,2,3, 115 sqm,Cash,"3,000,000 EGP","Palm Hills New Cairo, 5th Settlement Compounds, The 5th Settlement, New Cairo City, Cairo"
2025-03-31,Villa,Villa+Garden in The Crown and next to Arkan Plaza,6,6, 357 sqm,Cash,"10,000,000 EGP","The Crown, Cairo Alexandria Desert Road, 6 October City, Giza"
2025-03-31,Apartment,Finished APT Special Price Next To AL-Ahly Club,2,2, 119 sqm,Cash,"11,300,000 EGP","Regent's Square, 5th Settlement Compounds, The 5th Settlement, New Cairo City, Cairo"
2025-03-31,Penthouse,Penthouse FULLY FINISHED and READY TO MOVE,3,3, 168 sqm,Cash,"12,000,000 EGP","Mountain View Hyde Park, 5th Settlement Compounds, The 5th Settlement, New Cairo City, Cairo"
2025-03-31,Apartment,⚪145m [ With Discount ] Receive your APT key Now⚪,2,2, 145 sqm,Cash,"11,200,000 EGP","Taj City, 5th Settlement Compounds, The 5th Settlement, New Cairo City, Cairo"
2025-03-31,Apartment,"Finished, 30% discount and 5y installments, Maqsed",3,2, 133 sqm,Cash,"5,190,000 EGP","Al Maqsad, New Capital Compounds, New Capital City, Cairo"
2025-03-31,Apartment,"Apartment RTM, f.f for sale in Pyramids Hills",2,2, 130 sqm,Cash,"5,500,000 EGP","Pyramids Hills, Cairo Alexandria Desert Road, 6 October City, Giza"
2025-03-31,Twin House,Under Price Market Twinhouse For Sale Best View ,4,4, 285 sqm,Cash,"15,300,000 EGP","Stone Park, 5th Settlement Compounds, The 5th Settlement, New Cairo City, Cairo"
2025-03-31,Chalet,HOT DEAL for own chalet 2BED in Hacienda White,3,1, 116 sqm,Cash,Ask for price,"Hacienda White, Sidi Abdel Rahman, North Coast"
2025-03-31,Twin House,Twin house l Fully finished l Mivida,3,3, 321 sqm,Cash,"37,000,000 EGP","Mivida, 5th Settlement Compounds, The 5th Settlement, New Cairo City, Cairo"
2025-03-31,Villa,391m Villa for sale in Mivida under market price,5,5, 391 sqm,Cash,"48,000,000 EGP","Mivida, 5th Settlement Compounds, The 5th Settlement, New Cairo City, Cairo"
2025-03-31,Apartment,own APRT 145sqm in sheraton Hotel Finishing,2,2, 145 sqm,Cash,"10,500,000 EGP","Valore, Sheraton Al Matar, El Nozha, Cairo"
2025-03-31,Townhouse,Townhouse Middle Imediate Delivery Semi-Finished,3,3, 234 sqm,Cash,"12,500,000 EGP","Sodic East, 6th District, New Heliopolis, Cairo"
2025-03-31,Chalet,Chalet Fully Finished - 3M less than company Price,2,1, 90 sqm,Cash,"5,526,838 EGP","Q North, Sidi Abdel Rahman, North Coast"
2025-03-31,Chalet,Chalet ULTRA SUPER LUX With installment 10 Years,1,1, 55 sqm,Cash,"7,409,820 EGP","Al Masyaf, Ras Al Hekma, North Coast"
2025-03-31,Apartment,Apartment for sale in iCity with installments over,3,2, 150 sqm,Cash,"9,000,000 EGP","Mountain View iCity, 5th Settlement Compounds, The 5th Settlement, New Cairo City, Cairo"
2025-03-31,Chalet,Finished - 90% construction - minutes from Marassi,2,2, 107 sqm," 680,000 EGP","6,806,000 EGP","Alura, Sidi Abdel Rahman, North Coast"
